I,II,III,aVR,aVL,aVF,V1,V2,V3,V4,V5,V6,time_seconds
0.0030040038,0.2906832,0.10525882,0.048213534,0.034997348,0.108911075,0.14963265,0.054692533,0.16189905,0.32442474,0.043831836,0.10785368,0.0
0.12925525,0.07918447,0.0711898,0.14554481,0.114837326,0.17181428,0.03844561,0.10273295,0.0469935,0.2562476,0.007800149,0.18853797,0.01
0.18110518,0.1701465,0.12327127,0.15256044,0.083727315,0.10352606,0.01740412,0.07045636,0.06653149,0.22660473,0.01661477,0.1366936,0.02
0.00045688593,0.15579574,0.028959097,0.08881486,0.041012593,0.01728367,0.031821195,0.122819595,0.030699255,0.23773994,0.121084675,0.11064498,0.03
0.41076773,0.29583326,0.13191627,0.29937074,0.14081982,0.0056269835,0.001794575,0.22697556,0.094700955,0.24635002,0.1098965,0.025702804,0.04
0.2906527,0.2012383,0.073770605,0.047774456,0.320187,0.33876774,0.0008691269,0.34558263,0.018894218,0.2450078,0.16140638,0.034640804,0.05
0.24147885,0.23808199,0.1082849,0.12904225,0.15911952,0.25536308,0.073679164,0.06789527,0.27250382,0.29513454,0.1631176,0.021498084,0.06
0.10814018,0.1910337,0.080171876,0.33922714,0.1406635,0.12246922,0.031744547,0.027143637,0.014138082,0.102583915,0.11250795,0.031525988,0.07
0.10806176,0.21294582,0.04475661,0.11864017,0.10304764,0.016652351,0.046476763,0.14495009,0.03925575,0.25532436,0.050246965,0.100498356,0.08
0.12421254,0.10736283,0.12928073,0.083401464,0.20078073,0.0051896702,0.008519795,0.22449681,0.10075152,0.068247214,0.17633994,0.034098484,0.09
0.050389837,0.021880906,0.13269685,0.06227613,0.13114467,0.080732346,0.009041385,0.072119474,0.14478524,0.1585275,0.2174835,0.06363554,0.1
0.16733576,0.012166124,0.03856491,0.03347773,0.028118365,0.10879496,0.04753934,0.073146895,0.022430593,0.098597825,0.14193328,0.010567039,0.11
0.050709035,0.060231306,0.046947546,0.09353148,0.054357022,0.03174899,0.12425466,0.05185591,0.08130191,0.17481345,0.048091006,0.037575312,0.12
0.05384695,0.036603868,0.07008869,0.108233474,0.08624071,0.14394504,0.0629983,0.11118976,0.03053741,0.09232168,0.17383477,0.100649886,0.13
0.13280648,0.077338725,0.1173353,0.046890937,0.09789277,0.095643,0.12321413,0.024152754,0.014998101,0.19539818,0.20127822,0.004140104,0.14
0.2561279,0.10759711,0.014269915,0.051607266,0.057954054,0.032745756,0.10875535,0.07052573,0.055843804,0.0324944,0.0156716,0.105427854,0.15
0.17251655,0.022845628,0.03371371,0.08727364,0.021158105,0.06213704,0.108778365,0.11158795,0.023821305,0.0015900731,0.103737965,0.05201665,0.16
0.07306046,0.043779273,0.15376808,0.14813317,0.11853622,0.15592584,0.020765083,0.030277234,0.052785464,0.19092435,0.08301252,0.08653596,0.17
0.043249443,0.07683133,0.15076204,0.06380816,0.000731656,0.056279223,0.10810813,0.07092851,0.02063996,0.05404671,0.010927373,0.13409677,0.18
0.05420533,0.16084008,0.08397749,0.048183553,0.05520463,0.07726364,0.01403917,0.06757122,0.054356884,0.13138649,0.06853356,0.16816966,0.19
0.057849806,0.20555815,0.014589367,0.020041807,0.011629468,0.21715094,0.08690691,0.09475862,0.0680715,0.0058369716,0.109537326,0.07556212,0.2
0.16895789,0.050188724,0.058081374,0.04821879,0.017779117,0.2745602,0.075072475,0.116699114,0.13382645,0.25531146,0.05965063,0.024774153,0.21
0.00044490566,0.05107208,0.011295472,0.089695,0.092433915,0.19907382,0.104265764,0.010137235,0.10175718,0.06338614,0.04562989,0.032306425,0.22
0.06511574,0.05159639,0.13575897,0.12442643,0.12254673,0.06031513,0.16403772,0.1608808,0.056212194,0.3671957,0.028701875,0.117199674,0.23
0.16265027,0.07242105,0.144174,0.14809099,0.20173208,0.057221204,0.21853392,0.048681017,0.0764642,0.11512752,0.14182971,0.33150712,0.24
0.1443361,0.30812937,0.36526212,0.26115108,0.075760655,0.0725244,0.16048251,0.023618426,0.0812254,0.29615974,0.110167,0.13163885,0.25
0.048476614,0.20257795,0.11985136,0.093660995,0.27532586,0.26539046,0.20956174,0.12673151,0.1497274,0.19727524,0.26992512,0.33997622,0.26
0.26197413,0.20961125,0.2735711,0.13598865,0.061705567,0.0076179598,0.13253403,0.080894604,0.0737706,0.51427037,0.21650341,0.15563181,0.27
0.18810701,0.11566573,0.14463018,0.048105553,0.043320302,0.09488281,0.21298407,0.35827935,0.037251085,0.04242799,0.081855215,0.121338695,0.28
0.13380098,0.04777041,0.20433597,0.07151462,0.12648314,0.12124402,0.2344796,0.17659777,0.07414181,0.11917254,0.071026705,0.105004705,0.29
0.007882937,0.025216334,0.015074986,0.22712615,0.028151164,0.1967525,0.1871176,0.042886976,0.06944717,0.028341992,0.1778173,0.14297834,0.3
0.1386496,0.043520004,0.13785268,0.11504215,0.03853912,0.10870498,0.018146997,0.07501007,0.10859219,0.026946682,0.13756114,0.1336309,0.31
0.0023775124,0.10288841,0.010503033,0.12714264,0.026775306,0.17091158,0.13369964,0.018458819,0.045987114,0.20508541,0.1319378,0.093845665,0.32
0.1834297,0.17750944,0.017623886,0.062792756,0.12815565,0.019507423,0.08134174,0.1477979,0.10384894,0.24965003,0.12523124,0.01864718,0.33
0.07405628,0.103248775,0.14524707,0.044441625,0.13499841,0.04124423,0.049659677,0.06885258,0.07188629,0.029970018,0.15604912,0.1367623,0.34
0.043245435,0.03416962,0.06327189,0.000581656,0.005175613,0.19066726,0.02024519,0.013181107,0.03783099,0.09294393,0.038841404,0.051606655,0.35
0.21014722,0.014887665,0.016260482,0.073148005,0.034135327,0.18061835,0.060557015,0.015630629,0.07444938,0.2709732,0.1949135,0.14014135,0.36
0.060974173,0.0060400735,0.24361561,0.048931073,0.09092623,0.21514687,0.10517539,0.25757346,0.103837065,0.070467696,0.10112299,0.05639042,0.37
0.21435109,0.06808907,0.119272634,0.027135419,0.36949226,0.21881075,0.10840777,0.12884057,0.09903059,0.052973427,0.12058379,0.3010066,0.38
0.24945508,0.19038506,0.28124502,0.10929178,0.36672524,0.1446127,0.15120624,0.18145296,0.03217097,0.127503,0.10107673,0.3249501,0.39
0.2827888,0.14851189,0.18574655,0.07918984,0.16667439,0.102149874,0.022002706,0.09521194,0.007940593,0.04592798,0.123658426,0.11333413,0.4
0.024998264,0.03495468,0.13563716,0.046629053,0.027488867,0.09477135,0.034292415,0.23428728,0.0070217308,0.18460295,0.14590493,0.068668105,0.41
0.1552468,0.18999994,0.08815966,0.1379473,0.03621579,0.12377699,0.121696234,0.04912542,0.014573781,0.018886117,0.015606509,0.22517285,0.42
0.13752282,0.28195238,0.0012674258,0.07483868,0.06405328,0.023245282,0.18829243,0.020534493,0.040197764,0.046962075,0.18800609,0.30898908,0.43
0.031679764,0.24900165,0.027213998,0.11594263,0.19290407,0.045714706,0.0711936,0.21266407,0.07161415,0.28800678,0.35074714,0.4069739,0.44
0.030286344,0.13763238,0.028757421,0.073747076,0.26348418,0.071258746,0.026154734,0.23337615,0.10205208,0.22287494,0.3181974,0.105102174,0.45
0.0698058,0.05222017,0.06789007,0.06777502,0.012342989,0.008203057,0.11174103,0.14505866,0.17781249,0.29086447,0.1954212,0.051543746,0.46
0.041513298,0.17680681,0.010880042,0.010888929,0.29171905,0.04056805,0.004653062,0.091822214,0.12634937,0.21527953,0.2892643,0.06995703,0.47
0.0044723386,0.13124429,0.0745738,0.18854326,0.016655281,0.003901035,0.022097513,0.07592023,0.05298386,0.14256479,0.06592857,0.01670733,0.48
0.025331117,0.22374974,0.1288223,0.23837832,0.08250112,0.07706362,0.052401904,0.18273962,0.014835542,0.0264581,0.26097187,0.038442884,0.49
0.036517173,0.15213497,0.12770876,0.11613763,0.036870237,0.12217453,0.27146837,0.30269593,0.02646341,0.022932522,0.041514385,0.15319194,0.5
0.20886816,0.08429436,0.05729036,0.3989779,0.19607493,0.23955572,0.35820454,0.20771135,0.054172866,0.03037329,0.13781102,0.39646572,0.51
0.15144573,0.07839379,0.011499419,0.3282627,0.12891047,0.073098436,0.49373043,0.31870502,0.0040242095,0.3951889,0.15379097,0.16923851,0.52
0.1889923,0.2532629,0.32700047,0.39565995,0.18387178,0.076033466,0.45879558,0.2840018,0.046380356,0.11445265,0.21312092,0.18537273,0.53
0.23595263,0.019437427,0.06624032,0.023323873,0.26822653,0.08025987,0.19527003,0.17936297,0.1614241,0.050380934,0.050299704,0.016768938,0.54
0.1901876,0.19039191,0.23009275,0.023900801,0.0072593098,0.21650414,0.29199648,0.2608694,0.18047392,0.29947194,0.1083341,0.302727,0.55
0.30538243,0.22695199,0.0366255,0.008252493,0.16146082,0.08363555,0.24234298,0.18173711,0.19829114,0.54995024,0.069714606,0.26295584,0.56
0.21101967,0.2953946,0.5544722,0.3571348,0.041603785,0.008349395,0.025720313,0.19759625,0.13177489,0.16156921,0.13221416,0.031002209,0.57
0.108626634,0.024371993,0.24900031,0.15742218,0.013695256,0.4055647,0.06439158,0.009357548,0.2742289,0.087783694,0.35283315,0.29305863,0.58
0.40641007,0.032290313,0.08448426,0.7278276,0.10432543,0.06548783,0.29467985,0.06490156,0.4190305,0.35185018,0.19444712,0.23824202,0.59
0.13734853,0.40038618,0.0819803,0.3084882,0.05220798,0.20563361,0.17722413,0.11465402,0.097041495,0.046867624,0.035616744,0.4024206,0.6
0.08626607,0.2593875,0.24627942,0.5796676,0.03504675,0.20464982,0.13856252,0.13706665,0.21159637,0.6987598,0.0822305,0.03684393,0.61
0.12232591,0.22696935,0.29686946,0.18922725,0.06610963,0.21203838,0.12282759,0.12708288,0.08190597,0.21849747,0.08155478,0.20506936,0.62
0.36833504,0.26295036,0.28533405,0.6442269,0.33821714,0.031066757,0.116827846,0.2040074,0.0046028593,0.4719025,0.16222872,0.030051114,0.63
0.3994101,0.037431747,0.2580637,0.22808905,0.13267672,0.22170445,0.02537135,0.0047637993,0.075679556,0.11167526,0.15226606,0.12594211,0.64
0.16557123,0.23784508,0.05940548,0.08038538,0.15094449,0.14158389,0.115279816,0.034298573,0.100011006,0.4286512,0.17570229,0.03396815,0.65
0.13078888,0.21213499,0.21518391,0.25384703,0.31741607,0.27558216,0.2243477,0.046449907,0.10950882,0.3701967,0.12745254,0.09067827,0.66
0.23613866,0.09207376,0.10818666,0.43531483,0.20592666,0.4241647,0.078415014,0.19802353,0.06797171,0.17143586,0.07877997,0.1641638,0.67
0.40944132,0.10614472,0.32348755,0.4194726,0.25396207,0.020040063,0.24873577,0.13844979,0.0801201,0.21457629,0.074112095,0.4091953,0.68
0.5420937,0.26000366,0.2449619,0.07956395,0.71550673,0.11609304,0.37542915,0.36081535,0.11041227,0.057754558,0.27719724,0.522784,0.69
0.40354043,0.20680146,0.11532876,0.16392148,0.3650686,0.1563502,0.006891471,0.36762127,0.21503335,0.013129918,0.060189657,0.20510383,0.7
0.668358,0.2501722,0.11692463,0.17293042,0.575687,0.38368356,0.22440834,0.4335645,0.11841345,0.024118138,0.050762326,0.13307203,0.71
0.6871431,0.4129147,0.37380776,0.26698413,0.19699721,0.2715424,0.03187089,0.38636214,0.48705658,0.14876093,0.20587517,0.28339604,0.72
0.1737735,0.11550507,0.3005659,0.16710624,0.1809861,0.039058484,0.14774501,0.40330827,0.3961029,0.1743825,0.20623426,0.023921523,0.73
0.32526594,0.3787786,0.34759334,0.17109539,0.2074243,0.21790992,0.1002157,0.37285164,0.3294724,0.17830786,0.12237075,0.08159412,0.74
0.19524442,0.24390529,0.45012683,0.18581219,0.253899,0.07161573,0.1606393,0.4106197,0.26675627,0.029845137,0.04919998,0.10974544,0.75
0.5212556,0.33084798,0.1605007,0.07582829,0.06889212,0.03896616,0.18877847,0.13032731,0.27248853,0.12641585,0.024922863,0.022385394,0.76
0.11592612,0.051041424,0.10251416,0.14287144,0.06911702,0.35375175,0.20314169,0.0920376,0.12780696,0.13678057,0.3235668,0.2567542,0.77
0.010489441,0.02750413,0.2927826,0.18420595,0.10444736,0.09771244,0.3637257,0.0715352,0.0208291,0.2396271,0.36004692,0.004011643,0.78
0.1444972,0.089761496,0.2624614,0.31932765,0.17758779,0.0385902,0.41218656,0.06347596,0.0007013667,0.20118944,0.05701282,0.4583418,0.79
0.14910637,0.16492611,0.2924429,0.35514423,0.27472094,0.024721364,0.6103566,0.1600542,0.23673713,0.21741875,0.07340782,0.3650531,0.8
0.049801312,0.02545994,0.060442723,0.0014534562,0.29214922,0.07014524,0.37617967,0.3384032,0.048984744,0.47776714,0.45782256,0.34822267,0.81
0.22443314,0.042765927,0.09134678,0.0303571,0.0568842,0.034653984,0.13357866,0.123857625,0.080119,0.21418977,0.3729771,0.16560958,0.82
0.057409532,0.08714193,0.1690536,0.17184502,0.04760106,0.04318776,0.060099803,0.0918775,0.05764539,0.38066223,0.3724325,0.409094,0.83
0.12673368,0.027188651,0.0025040922,0.1455883,0.085322924,0.30120206,0.04000009,0.0034761156,0.28848293,0.23763916,0.21741384,0.25798473,0.84
0.08862119,0.13204424,0.16462122,0.15824318,0.41400263,0.41801018,0.16291794,0.1373397,0.21690546,0.5675194,0.093143485,0.11773329,0.85
0.17253394,0.025613401,0.24455732,0.022710819,0.037741814,0.20623942,0.09959474,0.030225994,0.028388746,0.052836187,0.08193439,0.13234866,0.86
0.108893685,0.061468225,0.28944102,0.06901536,0.0786253,0.19114147,0.03591864,0.33157077,0.17052421,0.177094,0.08756766,0.2575984,0.87
0.34557414,0.22023499,0.061996587,0.10633227,0.19706468,0.28819972,0.12938751,0.006949767,0.12590359,0.030215498,0.083093606,0.5540708,0.88
0.18522157,0.21613404,0.24748185,0.4166428,0.09209698,0.17732881,0.14191736,0.085929245,0.12002172,0.5701082,0.37096357,0.4224722,0.89
0.0470131,0.07618753,0.1025082,0.4295392,0.28873244,0.09465314,0.32548124,0.25464296,0.16172433,0.16278902,0.26096597,0.42036274,0.9
0.05110672,0.044580426,0.4037605,0.2194711,0.027714726,0.36983472,0.32177347,0.05341031,0.02704089,0.32364932,0.19726092,0.28748378,0.91
0.024146881,0.07560356,0.022260912,0.06723151,0.07554224,0.3182368,0.23039569,0.18025616,0.029461052,0.07711045,0.08444978,0.1308874,0.92
0.14951988,2.8655824e-05,0.30254734,0.2518978,0.21472982,0.20226936,0.22083706,0.15102065,0.07308566,0.19850993,0.008976162,0.06241358,0.93
0.07790855,0.10356615,0.048585407,0.2635392,0.30682787,0.05487168,0.20618147,0.20071496,0.17589316,0.16717243,0.048732504,0.022352105,0.94
0.36965922,0.08024213,0.31837004,0.13629158,0.17634629,0.07928872,0.23082152,0.11965742,0.37645078,0.33852533,0.23008424,0.05870756,0.95
0.3372046,0.19787829,0.43938205,0.11866904,0.07698805,0.30355248,0.22478174,0.36729196,0.14099945,0.27329248,0.09868429,0.084815115,0.96
0.5691106,0.34344333,0.32407647,0.020776788,0.39940935,0.3734278,0.20995924,0.24508755,0.11895096,0.080867864,0.16475077,0.34456807,0.97
0.33969086,0.21432813,0.047569096,0.1944646,0.18745676,0.022633798,0.24561517,0.23679247,0.23657392,0.20871256,0.33342364,0.36660016,0.98
0.25505263,0.04640141,0.31511784,0.014210047,0.13189475,0.24861072,0.026821034,0.03550744,0.26133054,0.16808645,0.030616753,0.011010885,0.99
0.054922197,0.18206325,0.237133,0.042834613,0.11501974,0.0358354,0.033562448,0.119648404,0.12978585,0.024443122,0.0601837,0.016275309,1.0
0.07143872,0.31587905,0.3373191,0.03138581,0.10191819,0.23048219,0.0902535,0.041926347,0.18835397,0.34369656,0.02134054,0.18475036,1.01
0.08130961,0.13550791,0.15869918,0.4040904,0.2652496,0.20667191,0.07201144,0.050582796,0.030483246,0.04903428,0.17293489,0.06627527,1.02
0.22698282,0.18133241,0.1447618,0.3168593,0.12407748,0.19144303,0.11438682,0.011498855,0.13562736,0.2556782,0.07198238,0.058344986,1.03
0.05410972,0.08982244,0.0339049,0.20585558,0.1314449,0.11021829,0.0096638305,0.038028993,0.16765006,0.24500428,0.19446546,0.10964903,1.04
0.037435833,0.06426831,0.10312569,0.12210978,0.13175845,0.04817246,0.032178376,0.06637566,0.13691589,0.049523402,0.08441894,0.24403791,1.05
0.23380277,0.23366283,0.19768311,0.0043057045,0.38905627,0.17813276,0.0607953,0.04063996,0.07635292,0.2435429,0.16675729,0.38801494,1.06
0.052160285,0.26142296,0.45031288,0.046041187,0.10491757,0.30194098,0.058224343,0.17549036,0.06256199,0.49734637,0.16681091,0.25223032,1.07
0.3728764,0.07256057,0.17590113,0.06126439,0.004534775,0.34373984,0.011418413,0.057287905,0.06479737,0.008623527,0.25626534,0.30864424,1.08
0.06708209,0.037292395,0.10615383,0.015773408,0.0992398,0.107657924,0.1443131,0.19782358,0.06688962,0.16905642,0.1372628,0.19101302,1.09
0.0112594785,0.18166505,0.0053479658,0.28181803,0.019308085,0.11653512,0.0047983965,0.04749063,0.17324996,0.061112773,0.036328133,0.17249826,1.1
0.16416408,0.04462724,0.2018654,0.27595565,0.15904099,0.1680739,0.21316145,0.08948637,0.04144215,0.1895796,0.10111802,0.16729763,1.11
0.06878075,0.009168067,0.17040102,0.049242362,0.36178195,0.16907269,0.22414613,0.021763215,0.021265332,0.10335968,0.24679358,0.2268064,1.12
0.23110516,0.03692495,0.051349808,0.12692033,0.32533506,0.24053125,0.10413653,0.0594084,0.1974049,0.18585691,0.3577033,0.3117052,1.13
0.014553095,0.0056337393,0.092026845,0.1895833,0.1344899,0.07471296,0.001797885,0.005208926,0.1330631,0.08315011,0.2609882,0.23898913,1.14
0.15481244,0.35227963,0.10971726,0.2071381,0.3366791,0.20547229,0.18495896,0.012296877,0.10626045,0.11586535,0.4260719,0.11275865,1.15
0.051570684,0.42653885,0.096003406,0.039932016,0.08498343,0.10515353,0.16821684,0.3855399,0.035920735,0.042027168,0.045814145,0.23995368,1.16
0.42778575,0.44488865,0.114149794,0.23795645,0.11579922,0.20547429,0.051141288,0.26185125,0.014654491,0.14159854,0.3003673,0.12362652,1.17
0.40958473,0.2163405,0.11783058,0.18685654,0.16357559,0.012510444,0.23577811,0.29404595,0.059076574,0.19394921,0.008572715,0.020591337,1.18
0.06032047,0.16662586,0.12435732,0.30718926,0.28008863,0.12508658,0.10879208,0.09563388,0.19490342,0.027742533,0.008592889,0.1131068,1.19
0.06689184,0.08005172,0.038568098,0.047848802,0.06151143,0.042707775,0.23710808,0.27875245,0.12092019,0.056661006,0.3248694,0.121465966,1.2
0.20428959,0.064749144,0.28827554,0.073837906,0.003141787,0.02233059,0.1672108,0.01227533,0.16229396,0.20580868,0.48350167,0.204815,1.21
0.21603134,0.10607255,0.27570933,0.15648971,0.11472584,0.0890923,0.1278186,0.021853786,0.32656938,0.22170863,0.11998212,0.26031327,1.22
0.10000042,0.10433642,0.092879206,0.24643053,0.0060996762,0.06210868,0.05736543,0.48234907,0.3179101,0.17521724,0.17446335,0.48534963,1.23
0.21925461,0.024962451,0.00016969413,0.086221345,0.23418356,0.20571616,0.12229375,0.26280376,0.30227974,0.10370012,0.026223637,0.022127647,1.24
0.2440182,0.23539954,0.4107251,0.31843594,0.13578361,0.16115057,0.008128983,0.09526737,0.006248849,0.65625113,0.058729753,0.30473465,1.25
0.15234119,0.0539748,0.35370243,0.2311571,0.03277642,0.18739524,0.19325255,0.14346486,0.013012207,0.19788954,0.04811051,0.14086653,1.26
0.23607923,0.23026724,0.30994144,0.43502122,0.3142523,0.28054875,0.1329391,0.22145085,0.10834711,0.28839442,0.06916979,0.32642055,1.27
0.11494091,0.20338346,0.11645911,0.11315098,0.32585627,0.12013059,0.3711146,0.24806882,0.2047987,0.1258292,0.053656045,0.024258997,1.28
0.13873824,0.015790915,0.019630942,0.0064758766,0.0034760798,0.03743866,0.020804735,0.041929603,0.001877242,0.09141026,0.003421497,0.07104948,1.29
0.2909414,0.17857769,0.026818015,0.012296083,0.13612038,0.33195856,0.2547294,0.27011102,0.12759246,0.21549815,0.030591505,0.08359204,1.3
0.2599934,0.46346712,0.08438052,0.48825902,0.16036832,0.21971124,0.0008644553,0.12884955,0.16361511,0.6832555,0.122986406,0.16395229,1.31
0.09430916,0.20453864,0.19319624,0.4922472,0.11287815,0.055305637,0.0599293,0.22600076,0.012296934,0.23839144,0.5615673,0.15386316,1.32
0.24545851,0.24924116,0.24945581,0.19224566,0.31522584,0.03891951,0.24083744,0.1664067,0.052825514,0.41628253,0.29001,0.3801297,1.33
0.1529552,0.17369872,0.09344585,0.20348303,0.12336197,0.092013426,0.29511428,0.12116931,0.11652301,0.07525778,0.08743433,0.06574672,1.34
0.20602931,0.30083582,0.23686825,0.2743782,0.24342425,0.54272133,0.17023498,0.09227378,0.16522235,0.0028063043,0.2839158,0.01262947,1.35
0.2616399,0.05829068,0.25402266,0.27519128,0.31745544,0.27401483,0.6496661,0.034287564,0.2018492,0.25991383,0.34566525,0.26738852,1.36
0.1733964,0.36970636,0.020933881,0.33088595,0.8286862,0.22950843,0.49462825,0.405071,0.21058135,0.04914916,0.24744466,0.114542164,1.37
0.35809106,0.3122351,0.046759713,0.25275588,0.64598876,0.37155688,0.07113437,0.4081586,0.24940109,0.4284722,0.024405003,0.029805806,1.38
0.70400625,0.26433137,0.27095282,0.07470628,0.514296,0.25275335,0.29527524,0.48337322,0.38289824,0.33288,0.1466865,0.06417244,1.39
0.78231245,0.46272987,0.5030831,0.15840864,0.23496331,0.32728723,0.07079831,0.54439783,0.58231926,0.11851336,0.16099095,0.20473804,1.4
0.439805,0.09394532,0.5710695,0.09927377,0.082770206,0.04219504,0.068435155,0.39953628,0.46253383,0.04411906,0.0916589,0.0190193,1.41
0.34921846,0.42240188,0.39204067,0.2647767,0.027290434,0.21500896,0.1489459,0.45850423,0.3065346,0.2805171,0.22968249,0.041648515,1.42
0.08273148,0.18078455,0.37288103,0.22535203,0.10951556,0.22386552,0.03822722,0.12709545,0.098538466,0.097053386,0.10947423,0.10336774,1.43
0.34264803,0.24296027,0.18663722,0.07944838,0.22887023,0.059542835,0.31118408,0.15155005,0.31758735,0.21455126,0.17589043,0.15254578,1.44
0.22105415,0.03605497,0.048010312,0.3141643,0.09574284,0.13069253,0.11139972,0.15070374,0.22290082,0.3350977,0.24963288,0.0954589,1.45
0.059848696,0.27474236,0.35427547,0.2963782,0.2767695,0.08924558,0.31709197,0.10868026,0.22044943,0.45142108,0.20780206,0.14640401,1.46
0.23637234,0.23485398,0.17143042,0.1778262,0.114441834,0.11978501,0.505552,0.14809766,0.029169431,0.23562337,0.024961848,0.39673373,1.47
0.08055108,0.052889016,0.30160382,0.3917076,0.09696821,0.19508182,0.6813531,0.026641374,0.004402145,0.12947355,0.15135117,0.5003469,1.48
0.017604988,0.45471284,0.12942095,0.15669942,0.31828254,0.10304529,0.31961215,0.11711438,0.0850076,0.0033434757,0.21845467,0.3526081,1.49
0.058164775,0.35333478,0.037260838,0.21840322,0.42014033,0.09035422,0.17378372,0.059457175,0.056991704,0.28912812,0.44881943,0.34939095,1.5
0.30646068,0.14060715,0.022269053,0.09659895,0.084823705,0.049007796,0.01769482,0.04974203,0.0030881378,0.6290954,0.27854356,0.4236558,1.51
0.04475323,0.23005548,0.20294338,0.46558368,0.12274638,0.0063772416,0.35080796,0.013345667,0.21107513,0.27077618,0.08810805,0.07107438,1.52
0.039622415,0.020334689,0.07238336,0.046497528,0.3417315,0.006900024,0.01729619,0.1887155,0.13828495,0.43743372,0.102819145,0.01283664,1.53
0.06750303,0.15093978,0.12520738,0.111052595,0.05476608,0.0025384813,0.11584376,0.07058885,0.038132556,0.06152155,0.018299473,0.2506664,1.54
0.10263925,0.48587942,0.007497394,0.05977733,0.102026865,0.28815988,0.014046543,0.21332966,0.010569887,0.46643195,0.15818457,0.33942333,1.55
0.28161567,0.4516401,0.07868199,0.19534108,0.11609061,0.36873865,0.009760937,0.010679626,0.23751324,0.017660998,0.09956599,0.007951374,1.56
0.014917646,0.06823212,0.19644924,0.051373962,0.0018050113,0.4329587,0.016733823,0.14546843,0.08842181,0.31779072,0.028470645,0.012834604,1.57
0.05270131,0.062783994,0.18910395,0.051524006,0.25850073,0.20604524,0.075806394,0.11156435,0.17112653,0.043104358,0.21035655,0.0033847662,1.58
0.17607269,0.023052547,0.31574798,0.039128367,0.08901428,0.49667466,0.041427545,0.24147351,0.09091662,0.36816755,0.09186521,0.040836263,1.59
0.044403948,0.044088066,0.08792112,0.05856836,0.02812092,0.33776104,0.12755233,0.042877737,0.1555901,0.07160607,0.004229213,0.43779528,1.6
0.15736514,0.5870596,0.45188242,0.13728844,0.17046009,0.1716833,0.40022346,0.197235,0.22498558,0.098380245,0.06809769,0.2710966,1.61
0.021549888,0.1788218,0.3256073,0.22795214,0.29274845,0.39333868,0.64322805,0.54405594,0.24750383,0.12555766,0.092173,0.15989237,1.62
0.3592213,0.25387785,0.3024788,0.019497704,0.24762851,0.04823862,0.17383176,0.0031470729,0.36069018,0.3579041,0.0031205001,0.06159592,1.63
0.3646148,0.2437269,0.17368081,0.24627636,0.40208492,0.26093757,0.055505466,0.18425216,0.048814118,0.13131061,0.13060163,0.05188651,1.64
0.47219476,0.10674822,0.34254923,0.46509963,0.32122666,0.19240583,0.42704058,0.2618393,0.20861185,0.22219557,0.15423556,0.23539665,1.65
0.62549025,0.30619127,0.1205322,0.23248029,0.5850019,0.43598956,0.29018715,0.28658378,0.18253972,0.19883543,0.33792135,0.5210401,1.66
0.5607762,0.23981999,0.39361784,0.07647509,0.690937,0.24684523,0.04798938,0.13491772,0.28508472,0.07321774,0.09379053,0.48277026,1.67
0.33985844,0.24727233,0.19704266,0.20308119,0.4778892,0.19609183,0.048478562,0.23206827,0.21280536,0.23894581,0.11057465,0.29021382,1.68
0.44465762,0.3713246,0.41070855,0.03765027,0.377745,0.4226783,0.043384716,0.42433038,0.1313465,0.69186074,0.17722946,0.1554922,1.69
0.32410535,0.3330715,0.18532264,0.2494604,0.10216266,0.10351403,0.03136196,0.35884705,0.22785337,0.05564584,0.1707702,0.13185425,1.7
0.5706184,0.2578796,0.26088253,0.11633666,0.5445354,0.19071327,0.16712843,0.22836412,0.0002409958,0.011411009,0.06920973,0.3551839,1.71
0.18488686,0.05936904,0.36918986,0.23664635,0.13947374,0.60207087,0.25375956,0.0514418,0.025349043,0.23734166,0.074863076,0.26849464,1.72
0.0989674,0.45639354,0.115462646,0.16155627,0.16046406,0.25008473,0.28613436,0.23154637,0.10568358,0.048713945,0.08152134,0.22496974,1.73
0.30409753,0.26639393,0.20600027,0.05477099,0.57993114,0.38419625,0.06797741,0.087595515,0.18642631,0.15226464,0.309689,0.52302706,1.74
0.38100064,0.41383615,0.83072615,0.002551683,0.3293335,0.351107,0.110048436,0.38597608,0.13067533,0.3403794,0.262362,0.32946613,1.75
0.62376434,0.4226916,0.5461044,0.068809055,0.30719465,0.45354,0.12715156,0.12912542,0.10027001,0.19898361,0.43371546,0.6505589,1.76
0.17416477,0.18151169,0.18935795,0.07243011,0.09522238,0.15610532,0.007996569,0.2467929,0.011940635,0.29680187,0.15398414,0.2735635,1.77
0.3462803,0.28612566,0.055912532,0.13071978,0.21668215,0.065454826,0.09266053,0.12604839,0.19718915,0.13634954,0.046574615,0.31711346,1.78
0.024488911,0.16035405,0.24864402,0.2340317,0.09745568,0.068313986,0.37655815,0.066861525,0.11856594,0.070333645,0.15799116,0.2920628,1.79
0.04774979,0.12611751,0.36803553,0.10848874,0.47730067,0.031983938,0.08251015,0.075457655,0.16607286,0.2678162,0.32116506,0.56920767,1.8
0.29232717,0.22517613,0.10684568,0.1826665,0.58025986,0.41321716,0.005612852,0.017231032,0.3065036,0.46515417,0.4927179,0.3850172,1.81
0.0681004,0.01721412,0.02320137,0.06547593,0.06479207,0.24092877,0.16035162,0.15402275,0.25246537,0.42285421,0.24790145,0.24497207,1.82
0.022730172,0.27144215,0.16308461,0.0845332,0.12295085,0.17542616,0.21054539,0.21815957,0.15431917,0.23921673,0.6565446,0.18935347,1.83
0.07611465,0.2911877,0.014419521,0.26083994,0.34460196,0.20285527,0.15467821,0.055048678,0.056385957,0.19877107,0.22264488,0.029508935,1.84
0.04262993,0.1522733,0.016366575,0.3179377,0.18487735,0.18887562,0.16768378,0.18945052,0.24787459,0.11845162,0.39879152,0.18124336,1.85
0.018421724,0.06136982,0.0048516537,0.2741577,0.07846447,0.23390637,0.4399813,0.30091,0.13471746,0.058100257,0.054203484,0.20096442,1.86
0.031556487,0.05822005,0.065901816,0.4074727,0.122608885,0.46427816,0.4864634,0.3655574,0.14773686,0.13721009,0.1922605,0.3486628,1.87
0.039868314,0.12379647,0.024426576,0.30348253,0.2386877,0.16877648,0.5543497,0.3326113,0.114235796,0.38518655,0.06926724,0.22317572,1.88
0.41255158,0.23434718,0.2884558,0.34666643,0.3958934,0.109583035,0.36616167,0.2372293,0.022598088,0.24544398,0.4640894,0.19804469,1.89
0.022234043,0.12211591,0.09513515,0.14796746,0.33194816,0.097712494,0.2390469,0.17207351,0.20968051,0.2143505,0.18848997,0.22431909,1.9
0.1136791,0.26438674,0.043547563,0.21205981,0.021171374,0.111680284,0.14550138,0.43150282,0.02392507,0.21098763,0.05388974,0.2503213,1.91
0.018481432,0.013228536,0.07850255,0.11061901,0.2567838,0.20678285,0.2071882,0.24330156,0.09346741,0.60381675,0.07997907,0.14635302,1.92
0.08750446,0.17807934,0.22426268,0.49237964,0.06930814,0.030055817,0.03846448,0.16537428,0.077517025,0.16202432,0.08103965,0.111813135,1.93
0.19232972,0.05275426,0.27602893,0.103798375,0.0057237465,0.43149734,0.20345795,0.14021517,0.22173835,0.08619461,0.108827785,0.41642028,1.94
0.093423456,0.13303176,0.48372585,0.40063,0.02090985,0.24753776,0.08276762,0.024162626,0.12503457,0.1532578,0.063100055,0.24743928,1.95
0.021283077,0.15167832,0.043076348,0.06439986,0.3866213,0.103676595,0.024637057,0.032558307,0.09654268,0.2454664,0.1517873,0.029180696,1.96
0.12012988,0.40967655,0.16508354,0.085961394,0.27485216,0.34463504,0.058849182,0.0012975209,0.09803906,0.4231912,0.064341106,0.19068018,1.97
0.34599525,0.34625447,0.020109344,0.1446659,0.30397505,0.28567395,0.059435125,0.057405554,0.054941703,0.020543946,0.011205723,0.067295216,1.98
0.1988924,0.22095056,0.24078465,0.8278689,0.08073665,0.21478042,0.010149379,0.01313219,0.016384885,0.6073351,0.1563906,0.10548592,1.99
0.2753157,0.26512063,0.7839999,0.46173072,0.033622254,0.022438388,0.4848158,0.22979893,0.06546001,0.25418055,0.029359631,0.06727391,2.0
0.35227033,0.20645897,0.026876323,0.41692153,0.019914448,0.17835021,0.51155126,0.1418358,0.0099324295,0.40582383,0.4103718,0.4446213,2.01
0.18637519,0.14924127,0.21356153,0.42758593,0.30548233,0.1718179,0.5746299,0.12025846,0.09768857,0.25868124,0.10961197,0.105333276,2.02
0.17263725,0.36124015,0.2122364,0.35869813,0.3872655,0.5972059,0.34041944,0.0123482775,0.19163038,0.37903923,0.19959672,6.719211e-06,2.03
0.3786391,0.277437,0.48273185,0.54540426,0.45164382,0.3213862,0.5598985,0.19279014,0.22423413,0.23355772,0.025773535,0.14066547,2.04
0.33741456,0.03184092,0.124792844,0.26670656,0.82763356,0.5950612,0.41475466,0.32135224,0.14047167,0.0023078234,0.17117144,0.18472633,2.05
0.40331006,0.34518072,0.13360405,0.110810205,0.65913033,0.7458378,0.28366166,0.10268297,0.2691467,0.19921724,0.12040812,0.07539158,2.06
0.44113752,0.35934624,0.27929512,0.054244194,0.4826584,0.55247706,0.22849445,0.34877592,0.2590312,0.212675,0.0590681,0.0762029,2.07
0.6528111,0.42913365,0.10034435,0.29563162,0.35365218,0.18045643,0.022900363,0.50760347,0.55988973,0.17318206,0.33004588,0.063962966,2.08
0.46635398,0.03521606,0.22342764,0.18075302,0.04959507,0.058048997,0.1309601,0.61730653,0.37131098,0.029830845,0.1828638,0.1592033,2.09
0.2908963,0.6208884,0.58448654,0.13653976,0.2380944,0.43591988,0.3934373,0.59376895,0.35611212,0.21553288,0.26926908,0.03036448,2.1
0.43712714,0.7235725,0.61795956,0.06050211,0.62637275,0.2047034,0.28141907,0.48818788,0.28374597,0.1416611,0.3136766,0.04524932,2.11
0.9375872,0.696329,0.39937988,0.23927855,0.18233375,0.2005068,0.18231505,0.26892406,0.58149856,0.24784562,0.15423281,0.09212434,2.12
0.18310048,0.26784393,0.34909165,0.12864196,0.14658988,0.28572002,0.24619728,0.31361347,0.5178805,0.32547882,0.35773647,0.23967703,2.13
0.103128545,0.18490028,0.49738067,0.37407792,0.27778226,0.039492078,0.48071057,0.21022986,0.24371484,0.31578955,0.27500165,0.14334355,2.14
0.079832375,0.12342917,0.45872894,0.99999875,0.27704313,0.111325555,0.31771538,0.273562,0.1891164,0.6888027,0.14800319,0.35251513,2.15
0.22344549,0.0059116916,0.5128756,0.9135737,0.20685916,0.012963187,0.9712686,0.21161565,0.19320348,0.5874292,0.121681035,0.4481184,2.16
0.41924462,0.2168948,0.09538462,0.26795128,0.26428294,0.040381867,0.98033583,0.38468233,0.09994755,0.5863017,0.7749153,0.4564635,2.17
0.16271186,0.14737436,0.117263585,0.27253196,0.32534474,0.17317441,0.32471144,0.025686065,0.094908066,0.6801433,0.5435268,0.3041582,2.18
0.026778685,0.11085621,0.0608623,0.22505416,0.009395821,0.2831171,0.01796894,0.25648278,0.030104082,0.74929464,0.43917125,0.9999987,2.19
0.32435828,0.24568857,0.30856264,0.23298685,0.37145516,0.6856579,0.016224854,0.33215553,0.29997587,0.053080294,0.30250534,0.48001227,2.2
0.03554493,0.106827244,0.009512576,0.24748243,0.47021568,0.30545107,0.14801645,0.41630435,0.031749908,0.89461786,0.27096322,0.6772956,2.21
0.02118311,0.055617813,0.45404223,0.33430645,0.01502486,0.21981855,0.19605729,0.027029697,0.11092065,0.068614736,0.44612816,0.78573394,2.22
0.17448914,0.013009703,0.13822944,0.22738642,0.18246159,0.6907641,0.30033183,0.697409,0.25310376,0.42003533,0.209996,0.59935397,2.23
0.95486915,0.7950193,0.028817248,0.09001268,0.19432074,0.93948525,0.34058008,0.20722096,0.08498339,0.13916957,0.11717908,0.54090464,2.24
0.25987512,0.53217477,0.09607264,0.04419676,0.31369925,0.75588435,0.1591073,0.03161401,0.36024868,0.11684421,0.08403891,0.62743115,2.25
0.1173163,0.25702134,0.19191137,0.1895513,0.53649914,0.22831555,0.16897278,0.020609448,0.1655077,0.4298955,0.0039801323,0.2487869,2.26
0.4577102,0.08320555,0.84894985,0.41392463,0.56597257,0.023896677,0.2608292,0.39341354,0.27438548,0.16523775,0.14072467,0.17996427,2.27
0.47127885,0.04264379,0.38201407,0.45953444,0.7270361,0.0104195615,0.16387635,0.394565,0.25608927,0.22052693,0.093170606,0.7619728,2.28
0.18572788,0.37529665,0.39376697,0.253471,0.024163647,0.39765057,0.5835095,0.15600449,0.30974135,0.07629059,0.018983515,0.07130491,2.29
0.098434485,0.28264126,0.23701452,0.19931254,0.2326168,0.22423412,0.3550861,0.20642342,0.02699729,0.1498957,0.083633244,0.042363368,2.3
0.12463217,0.21704298,0.70542306,0.12847202,0.14225069,0.15736076,0.21920547,0.036979318,0.4172679,0.38307783,0.019687707,0.093335226,2.31
0.21556166,0.20427789,0.67048746,0.257009,0.11300382,0.33134693,0.35554165,0.45071092,0.067805,0.31530306,0.16466263,0.1824139,2.32
0.54390216,0.27202684,0.18500471,0.34438422,0.40257454,0.27285978,0.45843747,0.53591275,0.028399197,0.20078704,0.08666859,0.09885567,2.33
0.566775,0.23023675,0.1355723,0.22973625,0.48726326,0.129606,0.22469337,0.23065457,0.13680023,0.22233188,0.2681824,0.32191774,2.34
0.49079087,0.18432394,0.21648516,0.097025655,0.49968475,0.20944755,0.05720759,0.045924522,0.12369631,0.04844149,0.11613305,0.39471313,2.35
0.35702607,0.038440213,0.12137302,0.24990486,0.43656766,0.32602817,0.014651555,0.0051456937,0.04964591,0.35002664,0.22768933,0.31259543,2.36
0.31487623,0.10093607,0.34162766,0.013515995,0.35127917,0.110731155,0.13386667,0.17761512,0.095780924,0.52299976,0.11990324,0.16729853,2.37
0.28652385,0.016395727,0.072745934,0.056229014,0.08122969,0.124608874,0.0044749696,0.199954,0.22584811,0.043514803,0.28731838,0.08530519,2.38
0.42435282,0.058637135,0.064541996,0.2592075,0.34491676,0.03915032,0.13219191,0.27916867,0.33231497,0.1578358,0.15593444,0.1683617,2.39
0.3060367,0.21764365,0.16272639,0.24912935,0.04315964,0.21368319,0.19082834,0.28394085,0.13655211,0.22278604,0.13062553,0.09221989,2.4
0.25857416,0.044591114,0.008698968,0.0082422225,0.15289772,0.17548743,0.025667723,0.058685,0.057973746,0.21240547,0.014733849,0.11954019,2.41
0.042311847,0.17553426,0.11410886,0.0025224658,0.0473988,0.46008354,0.16694431,0.07691924,0.014466994,0.20859787,0.07454054,0.19510227,2.42
0.25946707,0.3976003,0.47051987,0.097632684,0.075390376,0.66666555,0.28130448,0.40645483,0.10430072,0.1123514,0.08703703,0.06411728,2.43
0.6404204,0.25488997,0.6265454,0.050860725,0.07725119,0.58213,0.024556668,0.19374803,0.02128262,0.016233113,0.1679346,0.37942058,2.44
0.51151687,0.2520741,0.45112383,0.011572998,0.1410758,0.122624084,0.028087752,0.21850006,0.017068222,0.17614003,0.020333584,0.33644435,2.45
0.37672678,0.07714769,0.1714445,0.16377933,0.47469053,0.019024195,0.12055936,0.068537705,0.22442068,0.0074741095,0.23556055,0.11255703,2.46
0.117435,0.00936601,0.061619714,0.118418306,0.17001408,0.11580801,0.15174024,0.121872015,0.13684487,0.10144231,0.029988281,0.16542771,2.47
0.46461484,0.0016017613,0.0857513,0.056128386,0.018189972,0.22696072,0.033225626,0.14353506,0.021337457,0.043504123,0.2602899,0.100407444,2.48
0.11644236,0.028235137,0.10767851,0.18761244,0.31036884,0.102607556,0.0055402773,0.17075467,0.11833431,0.13000125,0.19411328,0.10575478,2.49
0.086530946,0.084200844,0.013422562,0.09704394,0.13726835,0.023815135,0.06550025,0.052247487,0.08338805,0.23252513,0.24951534,0.4766771,2.5
0.03042903,0.28172782,0.20441659,0.14994282,0.3238916,0.20152193,0.08671926,0.13549747,0.06649978,0.18605717,0.6010569,0.4282445,2.51
0.17209533,0.28115138,0.0970992,0.008067996,0.06464999,0.23812844,0.06174537,0.10731709,0.041498143,0.12604123,0.32163906,0.2877849,2.52
0.4298479,0.5065529,0.04757094,0.32349,0.2600577,0.0770974,0.1434318,0.253945,0.0048326165,0.0026758665,0.55148596,0.16693388,2.53
0.12150599,0.21728115,0.16480441,0.30860728,0.08754647,0.18316929,0.38561103,0.3752646,0.010436396,0.1326372,0.019399732,4.8415008e-05,2.54
0.29967216,0.3459847,0.33118203,0.36085153,0.12454202,0.17926398,0.41338408,0.27367046,0.023826368,0.15449043,0.087198175,0.19736235,2.55
0.29547372,0.08770041,0.24990551,0.15280671,0.06634214,0.061467316,0.53010774,0.48967856,0.003811526,0.3356111,0.18604197,0.11820298,2.56
0.2427261,0.17369647,0.43516794,0.3552423,0.36148778,0.0645461,0.48102042,0.3844873,0.14388388,0.16765106,0.2606169,0.064019114,2.57
0.16236855,0.07442737,0.1012269,0.0834997,0.47597972,0.029070413,0.32876432,0.31782717,0.033688646,0.4974915,0.34965137,0.09164027,2.58
0.19381242,0.20761865,0.31646368,0.18648207,0.26033226,0.38644293,0.3808442,0.23451467,0.11804167,0.18609302,0.19520946,0.2965252,2.59
0.15663545,0.12604043,0.044912335,0.17367125,0.24706356,0.27971354,0.23204455,0.22383504,0.1535186,0.64161533,0.084492624,0.35000566,2.6
0.16203943,0.16473481,0.32739326,0.36100176,0.12843399,0.07418461,0.09599682,0.3850094,0.027158944,0.23072112,0.030660033,0.07025429,2.61
0.050814785,0.06527342,0.23927392,0.32905453,0.2683355,0.3216576,0.00038839242,0.011047679,0.25622815,0.08266892,0.232465,0.12172819,2.62
0.414738,0.10134907,0.115435205,0.649733,0.38106048,0.023584578,0.10040759,0.095907435,0.12224813,0.5986858,0.10160366,0.104128815,2.63
0.4133013,0.014246499,0.07286781,0.12386533,0.27515087,0.0789938,0.15158275,0.04834109,0.037265446,0.04848564,0.024321599,0.10105121,2.64
0.1475642,0.007590259,0.37014738,0.36936933,0.23535505,0.09653148,0.036738597,0.2730113,0.23620117,0.35374624,0.10048761,0.3143857,2.65
0.15444477,0.4061195,0.3066752,0.004280162,0.15727346,0.24017946,0.46290988,0.32205576,0.08931261,0.21661548,0.07475012,0.15940967,2.66
0.24002138,0.00062350364,0.23543744,0.7909409,0.23642112,0.08986458,0.2900259,0.06531255,0.04040438,0.31772023,0.14176878,0.06321607,2.67
0.092446506,0.13296957,0.44562253,0.55780464,0.17246793,0.30186322,0.4717157,0.3293841,0.04533706,0.21184367,0.014454359,0.04162873,2.68
0.19520858,0.2846041,0.07256253,0.39053863,0.15281998,0.20954785,0.37912995,0.020333407,0.01140992,0.4665717,0.46202797,0.030369164,2.69
0.0146366805,0.076548286,0.119788736,0.15174627,0.41701642,0.42714468,0.4526359,0.06907457,0.13565932,0.18532833,0.14858842,0.117039904,2.7
0.14506014,0.11098243,0.020346131,0.2623464,0.26731214,0.3571182,0.20443526,0.048250098,0.18314563,0.475325,0.16415273,0.24896707,2.71
0.027789293,0.026733303,0.26288974,0.4324615,0.11378271,0.25746676,0.4344876,0.008058385,0.31617022,0.051483758,0.012948707,0.41830483,2.72
0.29763955,0.04117787,0.12794462,0.43578446,0.36688498,0.413783,0.27301383,0.21900775,0.035289187,0.13440292,0.15312774,0.27091333,2.73
0.45239633,0.34271643,0.060069207,0.0154437935,0.4713852,0.22970115,0.2410375,0.22036204,0.008875469,0.20774399,0.22952965,0.17614001,2.74
0.7693369,0.49966243,0.1436333,0.0828184,0.5707775,0.28597593,0.0055379625,0.5478768,0.25002572,0.19240798,0.16472404,0.07844268,2.75
0.82998526,0.64688224,0.5655305,0.123246826,0.41463995,0.4112403,0.015757518,0.5018365,0.50922686,0.026362197,0.2575049,0.11157288,2.76
0.815613,0.30559322,0.46234876,0.079260595,0.5672222,0.11707452,0.054690916,0.5464647,0.40911397,0.0325994,0.053073484,0.0048882747,2.77
0.51758,0.474767,0.61805594,0.05422589,0.40001544,0.14037368,0.10724621,0.5079317,0.6456023,0.4745181,0.11523354,0.018692177,2.78
0.104399815,0.10674428,0.4836558,0.15922907,0.36208627,0.29370016,0.19828117,0.553112,0.36580303,0.152817,0.4163745,0.2379519,2.79
0.90388817,0.433658,0.47917116,0.24464098,0.33140367,0.14295529,0.006967664,0.25706837,0.26629093,0.1615713,0.056294005,0.22971638,2.8
5.941124e-05,0.28486755,0.49444526,0.08519491,0.022763606,0.14417125,0.19099824,0.34991202,0.30143473,0.032335587,0.036608245,0.22356659,2.81
0.33425134,0.26739568,0.21601534,0.10745881,0.19565077,0.23997188,0.2286876,0.1789934,0.28740808,0.24966681,0.047176983,0.14072816,2.82
0.17603804,0.21317644,0.19639519,0.35307604,0.26530296,0.03265884,0.11229464,0.35739946,0.22743005,0.56614333,0.24016106,0.66706127,2.83
0.09969827,0.32743222,0.4455735,0.4278231,0.3278987,0.26779127,0.48165256,0.16175422,0.45406303,0.4276182,0.32562903,0.6454539,2.84
0.041235898,0.13032147,0.056443848,0.27405664,0.22941782,0.17589922,0.34343952,0.11948395,0.036247045,0.47923,0.27565047,0.4336094,2.85
0.03696854,0.11115197,0.056736786,0.31157416,0.39788258,0.037635792,0.37347144,0.07567265,0.11934495,0.5743325,0.65939075,0.3097129,2.86
0.43963894,0.28246376,0.19006813,0.07174648,0.15388027,0.16899267,0.12456065,0.055397216,0.120300815,0.5583655,0.30588064,0.7068869,2.87
0.03452689,0.2596991,0.09108062,0.3853111,0.1358076,0.42891866,0.10681722,0.15316153,0.3807264,0.059053354,0.12861653,0.080663845,2.88
0.09827876,0.021338569,0.0048934133,0.23521157,0.20724632,0.13915657,0.050016884,0.15939711,0.19521426,0.6015471,0.28030178,0.21085379,2.89
0.05008673,0.11621871,0.20228025,0.2730851,0.11169598,0.19263284,0.2646669,0.05870611,0.017656434,0.052526906,0.023139235,0.01104021,2.9
0.051780395,0.062297475,0.13381416,0.28049254,0.08761933,0.23371683,0.07427929,0.18786334,0.18977526,0.36696458,0.20071118,0.0053405385,2.91
0.46713313,0.098754644,0.269252,0.08734418,0.088606246,0.054078262,0.26787433,0.10198897,0.060487296,0.18674023,0.13438754,0.30040106,2.92
0.42841923,0.16748236,0.28816432,0.13845474,0.17808223,0.31472337,0.21136515,0.06211243,0.076841086,0.47292554,0.33663854,0.18461807,2.93
0.07561061,0.118718095,0.33875087,0.2970702,0.2898429,0.045979153,0.31640545,0.03986968,0.18771689,0.0011144927,0.06442591,0.034040246,2.94
0.14357804,0.030658811,0.2504134,0.24075337,0.2799283,0.18388027,0.0047250683,0.3004443,0.02472846,0.32591844,0.10956595,0.261373,2.95
0.17426051,0.17931788,0.053900093,0.30277115,0.12061546,0.060588054,0.51512975,0.32628155,0.11535629,0.008147444,0.2940129,0.17795397,2.96
0.07282609,0.06250275,0.60528684,0.26563677,0.07649228,0.10006938,0.999999,0.29375,0.03424574,0.042066284,0.09549058,0.0781855,2.97
0.16024795,0.14298843,0.3709379,0.35062116,0.21763228,0.3581544,0.687393,0.6901256,0.053345516,0.35595185,0.11891041,0.021796241,2.98
0.80640364,0.36278725,0.29016262,0.14165354,0.72291446,0.06327165,0.32090738,0.17908905,0.38720232,0.20835719,0.0005352266,0.19994646,2.99
0.68302596,0.5735179,0.30092457,0.20736317,0.6373932,0.38425186,0.18971354,0.39605018,0.19185562,0.26698503,0.1921727,0.47119743,3.0
0.5679464,0.37497073,0.08214055,0.16001828,0.48184866,0.054354493,0.1612299,0.3684474,0.36947381,0.18776478,0.052758396,0.25807825,3.01
0.5387872,0.2116303,0.08637698,0.112539805,0.4047433,0.19329134,0.15752827,0.25052047,0.08500694,0.0035605324,0.04866222,0.20393103,3.02
0.41427907,0.08682908,0.3133541,0.19414517,0.5603051,0.21289253,0.08861531,0.2998882,0.06170616,0.13448237,0.30735838,0.45326075,3.03
0.54507095,0.0034098683,0.08659508,0.049990322,0.39484426,0.14494023,0.31549802,0.43695018,0.293513,0.38698012,0.21039097,0.12810871,3.04
0.41197744,0.14825307,0.28296918,0.016935112,0.41239074,0.4228807,0.22850148,0.39898574,0.24152537,0.21204561,0.10625224,0.08122656,3.05
0.0059427903,0.12299856,0.1547475,0.0062956107,0.110652775,0.31972262,0.07480568,0.24138412,0.2925351,0.07120564,0.012694854,0.041671727,3.06
0.25854692,0.10487278,0.17348887,0.06719099,0.2612463,0.28005415,0.24370499,0.3115905,0.19421028,0.2059116,0.035323616,0.08270648,3.07
0.062295094,0.1566212,0.2860556,0.20395684,0.0885218,0.41790465,0.20395185,0.16586187,0.060424432,0.06320897,0.04983672,0.04325322,3.08
0.1097927,0.20432867,0.32777652,0.08022415,0.13432775,0.32325706,0.51430976,0.25993901,0.3018361,0.17094752,0.30623177,0.1387982,3.09
0.44840297,0.38399968,0.310245,0.20156148,0.5262369,0.56606996,0.13425091,0.34149885,0.29463446,0.1793337,0.22482432,0.37221646,3.1
0.87936693,0.63001406,0.6629699,0.26048425,0.59760594,0.2627093,0.17971897,0.5801982,0.084359415,0.008149522,0.0971702,0.55093026,3.11
0.9001947,0.36593804,0.5812889,0.17948832,0.34636512,0.35801306,0.006931141,0.34947208,0.0832693,0.08678777,0.20870666,0.63364017,3.12
0.31472838,0.36321875,0.33969533,0.15313189,0.27948675,0.30947536,0.060932253,0.4244296,0.11952571,0.093508705,0.063103564,0.40372092,3.13
0.4581723,0.1665035,0.05503711,0.016813744,0.28379562,0.073977396,0.077286474,0.07259173,0.07284324,0.10385751,0.1345436,0.08727371,3.14
0.20480277,0.05257661,0.14096475,0.18438314,0.104500346,0.17853019,0.27994603,0.2290524,0.056817632,0.0118104275,0.046937946,0.25273463,3.15
0.13336094,0.03701922,0.30948207,0.17626363,0.1861499,0.08785378,0.06077914,0.0760807,0.14194146,0.42647877,0.3492804,0.89559996,3.16
0.34468803,0.1650681,0.11084878,0.07247801,0.5105181,0.12762356,0.18111292,0.46568096,0.13768642,0.26881,0.6656363,0.48195517,3.17
0.16187339,0.084639825,0.10653214,0.019196806,0.16366798,0.034938395,0.27734664,0.15341343,0.207896,0.32030526,0.40742457,0.39117083,3.18
0.35486823,0.3966272,0.07933043,0.013475137,0.53907853,0.21648948,0.03197297,0.24755444,0.23640822,0.30834088,0.58721644,0.18994576,3.19
0.077754706,0.037715483,0.0018840516,0.2973633,0.020258853,0.2193748,0.054247517,0.038113076,0.108338736,0.3367544,0.3577424,0.12479315,3.2
0.25140274,0.2794833,0.121845916,0.3536765,0.21043,0.112776615,0.06710013,0.17944303,0.06910711,0.07538433,0.5550649,0.004420025,3.21
0.0045522023,0.23297718,0.25532782,0.19809796,0.0649576,0.1574171,0.6093696,0.5659813,0.06349112,0.08600395,0.09596533,0.0074068955,3.22
0.10026535,0.018844012,0.2635804,0.36044738,0.12432437,0.02122949,0.77739215,0.4152507,0.05652126,0.13008627,0.20633654,0.36069092,3.23
0.22105788,0.09687072,0.046499036,0.17403811,0.35376588,0.19494502,0.60846287,0.23638333,0.124621615,0.48044506,0.31038252,0.10908203,3.24
0.3627244,0.4585519,0.31013063,0.171622,0.41789728,0.097553544,0.56950855,0.29578936,0.08650155,0.18542969,0.23863415,0.42706016,3.25
0.20448674,0.0706069,0.0739493,0.0670882,0.35939512,0.12517403,0.22066799,0.2837383,0.00570108,0.23016302,0.13953033,0.04869176,3.26
0.029712388,0.328481,0.5165953,0.0057032793,0.0720496,0.38065445,0.2737843,0.23539841,0.02690946,0.08168137,0.17651732,0.28131345,3.27
0.21805671,0.31199744,0.17540504,0.031602655,0.14891239,0.19594081,0.37518615,0.18236588,0.19591573,0.7021944,0.1411201,0.266429,3.28
0.032703966,0.31286353,0.36116457,0.4035493,0.035661027,0.04309167,0.014189241,0.10032774,0.08329403,0.07843514,0.10936487,0.06279705,3.29
0.089365676,0.055157974,0.30780306,0.07537967,0.0040704375,0.37713113,0.09420215,0.15732442,0.27821356,0.052850384,0.27534142,0.20666742,3.3
0.4173426,0.054158807,0.06620855,0.6980588,0.2579762,0.023473537,0.19733952,0.044917513,0.45924023,0.44790658,0.1990315,0.2640125,3.31
0.1304655,0.3072256,0.27171007,0.14223994,0.32809967,0.21989971,0.36312523,0.29097143,0.1965083,0.19555683,0.067565024,0.41903815,3.32
0.11642056,0.31964198,0.13019337,0.28462133,0.10707389,0.38146517,0.13033374,0.2610516,0.14002249,0.18376563,0.20173363,0.23524576,3.33
0.23725271,0.42022714,0.43838608,0.029378578,0.112836055,0.3222807,0.0828988,0.27229097,0.1653123,0.26749498,0.079862304,0.041264646,3.34
0.18184987,0.053493775,0.39919588,0.6074607,0.0140662985,0.18517888,0.06106413,0.0047285175,0.0031833248,0.597073,0.05419505,0.075454436,3.35
0.5081946,0.0895793,0.43740118,0.38641885,0.12960568,0.17961851,0.43992108,0.2479199,0.105947785,0.28295586,0.25794017,0.05469529,3.36
0.23960978,0.29925105,0.054086242,0.42388862,0.020134648,0.18389519,0.24156047,0.18636252,0.07244316,0.42203206,0.39979267,0.030223552,3.37
0.015326554,0.14805505,0.17525662,0.39709318,0.3918628,0.24096972,0.33400136,0.3114641,0.08276902,0.2573453,0.054768726,0.26348814,3.38
0.18243155,0.08501738,0.02538252,0.38490793,0.10059652,0.5381648,0.092718534,0.0025088633,0.39576757,0.040318355,0.054630287,0.20994413,3.39
0.16595866,0.07638152,0.3636682,0.5455393,0.29399332,0.33192292,0.5397933,0.02140734,0.16561358,0.15403289,0.067037694,0.35236844,3.4
0.20369047,0.0072136438,0.048768077,0.46898422,0.4409286,0.31801003,0.4425858,0.48545507,0.21813416,0.051836427,0.28225672,0.35259882,3.41
0.30439755,0.30684254,0.1503911,0.2122655,0.26319817,0.25102824,0.008989817,0.4649702,0.46058756,0.29279652,0.052686635,0.10582141,3.42
0.57854265,0.50129735,0.06839454,0.17590387,0.6531657,0.48258474,0.31244928,0.5972427,0.10652345,0.25019336,0.25583068,0.3129996,3.43
0.7067112,0.9999988,0.41942394,0.38632205,0.42006266,0.31770146,0.24319614,0.49625033,0.36090052,0.3279497,0.54818046,0.1441676,3.44
0.45775455,0.7218633,0.5217578,0.10928706,0.18202,0.09655749,0.40473408,0.481773,0.45646796,0.3377152,0.03673654,0.029835248,3.45
0.5039116,0.75814474,0.5840571,0.1350254,0.0892068,0.3107669,0.4475518,0.4649089,0.35067663,0.12933265,0.24105494,0.25046936,3.46
0.26393595,0.4004382,0.35368228,0.3285297,0.4664217,0.13090107,0.50899595,0.5820959,0.46628028,0.015620449,0.2511462,0.15840875,3.47
0.7868851,0.45490566,0.24470244,0.32387426,0.17106174,0.07057566,0.043204304,0.6074722,0.54788876,0.72457373,0.06490481,0.037800573,3.48
0.22339623,0.10176305,0.615739,0.051413476,0.10063435,0.43738213,0.1244509,0.35904616,0.34413388,0.4560379,0.13639666,0.24956846,3.49
0.2305647,0.33019277,0.37450495,0.2502553,0.51096565,0.0701926,0.25779837,0.15736818,0.26591307,0.59863263,0.32699773,0.045225967,3.5
0.0483488,0.17578737,0.3096525,0.50803083,0.370585,0.06016276,0.20265505,0.2713043,0.19923535,0.60273206,0.26124442,0.25817627,3.51
0.03406274,0.08593753,0.2685468,0.5224,0.2986431,0.0032569568,0.45179862,0.017396985,0.21245818,0.8556814,0.11790757,0.29409653,3.52
0.024292726,0.13321622,0.085649416,0.30460465,0.27101466,0.3094835,0.40425053,0.090395145,0.023868006,0.39154863,0.773574,0.5203555,3.53
0.3113522,0.1188481,0.28540263,0.41520187,0.026084285,0.06680856,0.11887103,0.015253662,0.09878663,0.622128,0.5210697,0.2909922,3.54
0.3059506,0.22239132,0.04274157,0.046104845,0.080116756,0.28571934,0.26418582,0.046435747,0.309991,0.44773352,0.25356078,0.53163403,3.55
0.041965663,0.07998918,0.35548386,0.3822977,0.25534844,0.19943416,0.15133145,0.2592161,0.043993566,0.051679846,0.120693676,0.35596642,3.56
0.06706451,0.06957625,0.19412465,0.22638915,0.38501236,0.39663124,0.09156934,0.35150868,0.055784635,0.61811364,0.32289863,0.06440361,3.57
0.34065902,0.025927158,0.14061248,0.3579676,0.17757984,0.19693737,0.04944319,0.10015441,0.1405241,0.04855692,0.30156067,0.21759428,3.58
0.23544474,0.11829313,0.1275312,0.11312449,0.017667672,0.53551155,0.062234722,0.12650305,0.01711605,0.48882094,0.1433868,0.35764828,3.59
0.36950526,0.26242435,0.013959482,0.01796775,0.08009495,0.33923194,0.1321386,0.15686084,0.07529563,0.28498453,0.037896983,0.25080913,3.6
0.089276455,0.2751981,0.17952769,0.22203134,0.13783403,0.23215447,0.32109892,0.11777567,0.11903023,0.42273885,0.091498025,0.061984535,3.61
0.009530905,0.31345797,0.2721806,0.07478777,0.32808396,0.0019196052,0.7067459,0.2354035,0.03418292,0.054401316,0.11957984,0.036866598,3.62
0.03443393,0.098907344,0.432433,0.059694543,0.11351486,0.16141184,0.46459866,0.18282218,0.6057943,0.07511017,0.06394464,0.1631555,3.63
0.06060445,0.4807332,0.45817718,0.0005673413,0.19929746,0.6097129,0.7883296,0.7673913,0.13796239,0.08254119,0.37011212,0.5607849,3.64
0.15787116,0.5757308,0.5569678,0.089242555,0.11813951,0.28435767,0.69047374,0.4669181,0.26994896,0.009978054,0.14456342,0.061219037,3.65
0.20326704,0.30975568,0.31781438,0.08627426,0.039844427,0.41290864,0.16227676,0.5543051,0.03635418,0.18177755,0.030205827,0.14795987,3.66
0.09771545,0.3785095,0.41209134,0.12343708,0.3053156,0.014768664,0.09271828,0.093867674,0.0892169,0.1952477,0.087136626,0.23783834,3.67
0.12022393,0.36648878,0.23494554,0.34492218,0.29353306,0.13935904,0.09514744,0.12500651,0.19776805,0.36241642,0.23463407,0.18358874,3.68
0.3495584,0.43272218,0.300511,0.28318045,0.1893838,0.10985597,0.049808655,0.094918475,0.15940852,0.29025224,0.027528452,0.31477004,3.69
0.3671624,0.3144419,0.12421537,0.29942405,0.276185,0.2558508,0.052728813,0.17948158,0.08444398,0.23131591,0.050093725,0.1691129,3.7
0.21880688,0.07275671,0.038076896,0.06867969,0.27741432,0.043972116,3.4471574e-05,0.13622765,0.11593658,0.24125117,0.08365901,0.07428494,3.71
0.19495046,0.004874456,0.13694806,0.11381,0.050694723,0.07148245,0.12609357,0.18805316,0.029961605,0.26930282,0.15092245,0.08168169,3.72
0.24696884,0.01295687,0.13825803,0.011382758,0.14930168,0.15267785,0.0030364445,0.06397288,0.030768657,0.23693505,0.25041038,0.17931317,3.73
0.13011247,0.078714855,0.20052724,0.07159698,0.08276586,0.030084016,0.07660597,0.13909872,0.25756842,0.06573288,0.1380161,0.13548893,3.74
0.0765889,0.10688823,0.037709214,0.18093051,0.076125294,0.011967151,0.095007755,0.20506398,0.11394651,0.23074588,0.08856732,0.029024012,3.75
0.098993085,0.11776411,0.40821293,0.23442774,0.09929767,0.37721443,0.121509016,0.08051962,0.09848673,0.035399895,0.017754965,0.03718991,3.76
0.20274001,0.33864373,0.3174969,0.23029001,0.1267297,0.20230618,0.1664829,0.08852099,0.22781406,0.02300247,0.001956521,0.17938522,3.77
0.39502627,0.35830736,0.07791413,0.011667754,0.2678951,0.39599347,0.092045106,0.084552184,0.07187262,0.17402239,0.22355255,0.2817092,3.78
0.33929896,0.291574,0.41110754,0.024208747,0.060078472,0.13808638,0.10730923,0.2154767,0.1002533,0.37505904,0.17058675,0.3588543,3.79
0.55697167,0.16167013,0.3734008,0.09216622,0.110689156,0.29713735,0.03126524,0.09892519,0.06040138,0.173631,0.07376846,0.44813406,3.8
0.39134812,0.014083309,0.37955916,0.012842914,0.09674908,0.026614446,0.0773246,0.2107234,0.058235582,0.14747627,0.10114352,0.2862374,3.81
0.39661738,0.0586887,0.1025731,0.03953668,0.23174594,0.11384196,0.022868501,0.13365006,0.1926269,0.005386823,0.15909472,0.075476475,3.82
0.11946485,0.05141016,0.19837528,0.053557042,0.022928635,0.048908513,0.22402339,0.14799787,0.031586945,0.16270837,0.12517504,0.19291654,3.83
0.20341045,0.07015204,0.025923382,0.072880216,0.10734575,0.11547293,0.034788072,0.13379858,0.08460602,0.19892527,0.27248248,0.20294833,3.84
0.10778134,0.1915705,0.22087865,0.009711333,0.19178613,0.19212556,0.1137405,0.26243198,0.17500988,0.25144243,0.26738173,0.13099216,3.85
0.08797681,0.19886167,0.20870249,0.06224066,0.14011098,0.14018302,0.12640135,0.036654577,0.0859125,0.14499423,0.21128815,0.2856494,3.86
0.013168613,0.2726255,0.080477156,0.38636342,0.2578557,0.11059308,0.095476195,0.1260126,0.15260623,0.14549391,0.37067962,0.17071594,3.87
0.037852034,0.027233021,0.23437762,0.064340495,0.189828,0.040851276,0.048675243,0.07682375,0.015584314,0.076267034,0.23011486,0.09159027,3.88
0.2916964,0.2553632,0.041327555,0.24620938,0.13816637,0.076315284,0.11310862,0.13284841,0.101581335,0.027243273,0.47326264,0.053436253,3.89
0.01921303,0.16625325,0.14196067,0.1173182,0.014302468,0.009625354,0.33883896,0.27799365,0.03174006,0.04149271,0.08241725,0.014345798,3.9
0.16500007,0.21425746,0.23308368,0.3075968,0.04281612,0.11637049,0.20206,0.16009218,0.091874786,0.14206941,0.023560159,0.08144965,3.91
0.31343624,0.095760696,0.24057399,0.36368737,0.0866308,0.120352454,0.36154333,0.33154508,0.016143518,0.40550223,0.11867443,0.06390974,3.92
0.33402804,0.1911172,0.43878978,0.29310638,0.12330008,0.068082124,0.34688812,0.26463717,0.01798262,0.10094865,0.15982674,0.2379854,3.93
0.22876666,0.17386878,0.09991684,0.012001349,0.4605427,0.050154854,0.25297764,0.2569433,0.1460504,0.26273075,0.1838568,0.14681196,3.94
0.0888051,0.16397676,0.12327912,0.065566204,0.28079695,0.34166422,0.187962,0.27772507,0.06288956,0.076541476,0.10289348,0.32283923,3.95
0.07753346,0.22707218,0.09951295,0.014015701,0.21106625,0.23781121,0.10690247,0.051156927,0.031962942,0.4171912,0.19177148,0.4133213,3.96
0.035360366,0.19405553,0.18771759,0.3857827,0.09971572,0.026410012,0.19040395,0.21922427,0.08482678,0.10028576,0.07473774,0.0018673888,3.97
0.091680124,0.0009536416,0.32564875,0.33000526,0.24546728,0.3369343,0.090267874,0.06658238,0.18439502,0.022157675,0.09168045,0.040024202,3.98
0.2181041,0.005166151,0.17194487,0.51917547,0.055284593,0.09100359,0.17100297,0.13875704,0.15058625,0.25724155,0.013903831,0.058516532,3.99
0.23850249,0.3075418,0.267471,0.029077617,0.29927167,0.27674648,0.15154056,0.11468094,0.028067857,0.18576582,0.11484913,0.10346116,4.0
0.022780523,0.2910781,0.123873815,0.20769005,0.25752825,0.4237485,0.14771444,0.07190686,0.110240415,0.20085777,0.19027226,0.13974877,4.01
0.05552238,0.3959252,0.10412298,0.074345075,0.27792704,0.16357367,0.238979,0.17219125,0.0665062,0.13684136,0.067246586,0.15743192,4.02
0.3057061,0.13453785,0.08455877,0.5589045,0.15527876,0.124464646,0.10546222,0.06109078,0.0830806,0.16886938,0.018946962,0.17604417,4.03
0.19833572,0.32649657,0.3729008,0.19659199,0.17626165,0.06762624,0.48467946,0.23670389,0.037348997,0.18656273,0.10376586,0.018900845,4.04
0.18030806,0.10854482,0.018022463,0.27437112,0.22719228,0.32910705,0.3399422,0.048591435,0.042557176,0.4117543,0.3646392,0.0014723579,4.05
0.118046835,0.23580578,0.034258854,0.26306996,0.11684036,0.21637952,0.3526387,0.068643324,0.049705043,0.17893483,0.16777252,0.07732617,4.06
0.16991818,0.1051531,0.14239235,0.47304437,0.22733182,0.23623332,0.53057957,0.04480477,0.110436335,0.3659176,0.019001834,0.08496984,4.07
0.1532393,0.017582005,0.42114642,0.48200867,0.26490596,0.017169354,0.8136052,0.118820265,0.18850416,0.104831375,0.086640395,0.13634887,4.08
0.17485312,0.04811218,0.17160545,0.3584269,0.6014954,0.38945338,0.4917083,0.11012626,0.031553686,0.087308,0.18288012,0.05477871,4.09
0.42986292,0.15698752,0.055116884,0.06352571,0.77064306,0.6177567,0.47522894,0.12728938,0.24218024,0.16615668,0.36686203,0.049077712,4.1
0.59833306,0.32400793,0.35593402,0.003173892,0.9084715,0.56689733,0.06871106,0.50079054,0.30780318,0.5528299,0.27736732,0.059460524,4.11
0.54285645,0.39177272,0.50087285,0.2008032,0.5692729,0.07230187,0.050462175,0.52834404,0.36025584,0.0022367318,0.28369334,0.2241874,4.12
0.6162606,0.08007544,0.16884094,0.12209858,0.47059354,0.22291125,0.028720472,0.46851695,0.43460503,0.3249146,0.032293346,0.15195036,4.13
0.6128868,0.26332366,0.30630377,0.1038198,0.41445863,0.03714035,0.22920038,0.46393275,0.8636296,0.57344234,0.2404877,0.18689142,4.14
0.3203904,0.14047983,0.47757983,0.0673363,0.17253572,0.065995924,0.32503518,0.7112427,0.4551683,0.26330933,0.17209162,0.30020145,4.15
0.8132634,0.75177824,0.575116,0.13842349,0.41420358,0.45868108,0.17541514,0.21228768,0.45912498,0.16217947,0.13067971,0.24754672,4.16
0.17451549,0.07084602,0.47787842,0.5586494,0.3509049,0.021733994,0.0077538816,0.37862742,0.58953774,0.40361512,0.019837053,0.06563343,4.17
0.10981129,0.035220083,0.31033635,0.24481781,0.36742565,0.044036165,0.17909321,0.16455843,0.40371516,0.6119346,0.34387913,0.0067575984,4.18
0.08001964,0.005916739,0.16700321,0.34666324,0.18307675,0.0012653646,0.084898636,0.13162199,0.038087964,0.48565593,0.27575055,0.32264173,4.19
0.14516075,0.19591032,0.4859566,0.6587496,0.15931277,0.010328419,0.51419055,0.010066375,0.30751193,0.3232263,0.024583932,0.14896223,4.2
0.22767833,0.16152059,0.15830128,0.011488318,0.17041273,0.23347093,0.47702897,0.28702697,0.02934585,0.5102404,0.30814737,0.14554404,4.21
0.35446492,0.21716537,0.14945485,0.2450137,0.09101198,0.04185321,0.64550096,0.2801963,0.30693233,0.02245358,0.09659128,0.3384012,4.22
0.14217477,0.41867468,0.15521678,0.040749893,0.2907962,0.20893826,0.251561,0.037420236,0.24024865,0.24108218,0.17247799,0.107034326,4.23
0.18662897,0.22814061,0.35599732,0.44379476,0.09044771,0.009512574,0.30741417,0.0070123733,0.19329771,0.168762,0.058607683,0.81240755,4.24
0.17814079,0.2190701,0.23031586,0.13980345,0.37254146,0.36280936,0.27872273,0.09527467,0.15073079,0.83871806,0.23098274,0.3974601,4.25
0.27848613,0.4281625,0.4880554,0.0028426843,0.29695702,0.4064316,0.007801192,0.24071155,0.08353349,0.26069674,0.24326788,0.15914029,4.26
0.322227,0.39019,0.10671046,0.07207623,0.18752086,0.296308,0.04611152,0.19470525,0.06425769,0.6222024,0.18098329,0.29073495,4.27
0.4260757,0.02169676,0.0006239326,0.115339264,0.17730299,0.41461903,0.1995451,0.054385096,0.27171528,0.058772996,0.1499832,0.11922698,4.28
0.30812794,0.076076314,0.047581673,0.026930198,0.27499828,0.16027679,0.097308494,0.36997518,0.17885837,0.5127033,0.41952306,0.29360908,4.29
0.001051449,0.06282688,0.23548262,0.18693091,0.06462527,0.29642412,0.3309532,0.1740285,0.035289068,0.36820412,0.43368542,0.16703923,4.3
0.10702911,0.22231632,0.2970737,0.43788084,0.039556134,0.19706216,0.062976085,0.15536958,0.19227278,0.13834082,0.20731139,0.27183935,4.31
0.36595815,0.631645,0.0020919756,0.42787266,0.25384304,0.5721715,0.4807617,0.4928407,0.25057113,0.31628203,0.2149652,0.3836341,4.32
0.2067086,0.3999405,0.07473539,0.21514823,0.21179163,0.7474694,0.51773757,0.40631968,0.03453371,0.046292085,0.10034844,0.5593236,4.33
0.15145154,0.12458726,0.07412886,0.042950038,0.3477095,0.5838223,0.2402601,0.35730007,0.2748111,0.36514354,0.25500575,0.004835125,4.34
0.0043979506,0.32601854,0.509866,0.4799731,0.70378065,0.1668824,0.22261612,0.14556906,0.40184093,0.029742353,0.050608754,0.21041101,4.35
0.33069822,0.0068645324,0.29968277,0.5706279,0.26659638,0.20974407,0.52974975,0.36899287,0.26732874,0.4109184,0.05556855,0.12259851,4.36
0.31170794,0.1412378,0.20044199,0.27482936,0.51901376,0.26570374,0.4231826,0.2506258,0.3672099,0.18437995,0.29785955,0.020929035,4.37
0.23804379,0.059835635,0.09118844,0.17780495,0.3921144,0.24953638,0.26845905,0.399252,0.07499105,0.0024120768,0.13156061,0.085981324,4.38
0.5122377,0.20617609,0.14393874,0.17129387,0.36874637,0.13415602,0.07755352,0.03152753,0.023829797,0.0019001605,0.33307415,0.12989184,4.39
0.16357592,0.013198884,0.0016756747,0.06168603,0.09378592,0.16019343,0.042906467,0.24272214,0.12934515,0.37682164,0.31908095,0.15069635,4.4
0.38715538,0.12647226,0.6076278,0.036906105,0.37170875,0.027676333,0.08153823,0.17441517,0.0338745,0.12846364,0.3812231,0.3055923,4.41
0.45121554,0.3903041,0.14349785,0.31083477,0.48914707,0.099594675,0.05718091,0.14838798,0.2768087,0.20557046,0.1082771,0.18946166,4.42
0.49843022,0.18191612,0.38615996,0.24582906,0.35709965,0.38440868,0.006200811,0.058208276,0.38955602,0.2559953,0.13484922,0.099966176,4.43
0.06635727,0.22006826,0.045857817,0.121273205,0.106707186,0.12270219,0.029256353,0.17648351,0.22660337,0.41965663,0.055198852,0.13804527,4.44
0.3734458,0.041770548,0.079469375,0.14273411,0.17797069,0.05825745,0.032874092,0.1511273,0.1293635,0.6107397,0.38395405,0.25361705,4.45
0.013642459,0.14214426,0.06472111,0.26144212,0.32559532,0.021808578,0.2865447,0.044387154,0.18763399,0.37335986,0.07866073,0.23952533,4.46
0.060489625,0.17469856,0.1347683,0.01507692,0.29039884,0.04782131,0.57174844,0.3256901,0.32621995,0.6181069,0.06960321,0.108680524,4.47
0.6083895,0.22365776,0.30547377,0.033979457,0.40194902,0.4602912,0.3247456,0.49819514,0.10761483,0.46991718,0.2037574,0.2915073,4.48
0.39769733,0.22385731,0.60967034,0.032527547,0.5664572,0.13859601,0.16647078,0.30121738,0.14511375,0.47215986,0.1703943,0.37818617,4.49
0.5116626,0.2333789,0.60916495,0.017053967,0.6429915,0.4842386,0.12651804,0.053249113,0.28787497,0.014131256,0.28611463,0.5410719,4.5
0.06400801,0.08836218,0.1529192,0.13833822,0.2047989,0.41340995,0.31041116,0.3837498,0.115698196,0.6636772,0.14714292,0.37049097,4.51
0.3188364,0.19787271,0.054263815,0.20346163,0.2823532,0.20049496,0.1409551,0.06104673,0.055632696,0.29515073,0.0665373,0.06107509,4.52
0.20081066,0.15834333,0.17573139,0.10646787,0.051831342,0.09076471,0.17993985,0.024275072,0.13267297,0.16921002,0.017821578,0.24487144,4.53
0.24166855,0.34058765,0.04827864,0.20300548,0.2849277,0.16466586,0.044804983,0.053651597,0.057532925,0.030170888,0.055518046,0.90165687,4.54
0.3454475,0.44274452,0.2301394,0.18882036,0.37976655,0.264336,0.21279489,0.14523546,0.34444034,0.3874262,0.6887428,0.56949186,4.55
0.23251599,0.15351868,0.19931193,0.17215963,0.37238097,0.092060715,0.09390256,0.07998577,0.15920691,0.29612148,0.5980809,0.4584477,4.56
0.50299495,0.30351788,0.06694908,0.2708174,0.6428469,0.26336977,0.101023085,0.15734513,0.32464254,0.05860923,0.40647742,0.070315525,4.57
0.3205539,0.3222827,0.15148005,0.2703432,0.030916713,0.15927449,0.01103027,0.16382347,0.013942427,0.02920112,0.20546944,0.27123517,4.58
0.16953065,0.5845746,0.07131988,0.41418582,0.24053887,0.018839575,0.055143084,0.2785785,0.14071634,0.25658137,0.56512153,0.34040138,4.59
0.06052122,0.4042413,0.25358608,0.15569998,0.13977735,0.08365393,0.3643549,0.49031636,0.036694936,0.056989,0.18161374,0.23688897,4.6
0.42109975,0.17386954,0.25359347,0.2871527,0.11901537,0.2233285,0.40594563,0.149963,0.087923214,0.23105699,0.1262584,0.070492186,4.61
0.5503313,0.010797417,0.013747352,0.12562087,0.46814775,0.039514653,0.66565484,0.30990773,0.1258309,0.06848404,0.06836162,0.11098641,4.62
0.21464726,0.15072553,0.36830476,0.35954913,0.49315223,0.14899027,0.52345246,0.2522865,0.16943078,0.25268033,0.306394,0.25547796,4.63
0.2651259,0.010598314,0.02030237,0.0041861427,0.37969312,0.13599354,0.44725528,0.24921103,0.21880071,0.2780892,0.12867528,0.041777562,4.64
0.13991852,0.048039097,0.28413904,0.023164587,0.32512316,0.31436372,0.27716383,0.20061615,0.04076914,0.24749655,0.08473993,0.20173146,4.65
0.18240139,0.16494188,0.09880514,0.045782655,0.07767936,0.19446893,0.19561997,0.043297675,0.18426816,0.12137578,0.18784347,0.3702037,4.66
0.26181594,0.39365834,0.0057605146,0.47478434,0.100659475,0.08225875,0.022290226,0.2238208,0.12077453,0.30927968,0.18192258,0.14136548,4.67
0.00072889903,0.06813541,0.07403265,0.21092798,0.022050807,0.07533015,0.042251907,0.015410426,0.29209056,0.007542345,0.022982957,0.28613967,4.68
0.029985216,0.07343074,0.28880855,0.40254042,0.04023206,0.1466567,0.2673286,0.15544495,0.031792767,0.26544634,0.0887214,0.14945672,4.69
0.032330435,0.1300453,0.019792305,0.013022645,0.18441391,0.10366441,0.1576037,0.036884174,0.0060232976,0.09239427,0.22559218,0.43882126,4.7
0.4436897,0.3643272,0.27982125,0.6085534,0.2880859,0.09447019,0.08591433,0.17692381,0.3584057,0.41090384,0.49327004,0.18733148,4.71
0.639808,0.7537857,0.50723416,0.024667287,0.28420722,0.29926318,0.33221835,0.69593954,0.11773466,0.45541996,0.090116784,0.20309739,4.72
0.22227953,0.32135886,0.17241235,0.9419428,0.027135003,0.51026064,0.2813095,0.031883437,0.23807389,0.7278365,0.38008744,0.22798185,4.73
0.31663835,0.1700807,0.22951065,0.7621774,0.068519324,0.22703192,0.26132578,0.25252417,0.14742932,0.43879956,0.32576677,0.46423492,4.74
0.62581587,0.49568945,0.107194096,0.6808773,0.16978848,0.207946,0.59074163,0.09104075,0.25390956,0.75146246,0.26241958,0.27547008,4.75
0.39442977,0.4009937,0.19193403,0.51194817,0.4557009,0.21634687,0.75997484,0.015093714,0.109970905,0.1460241,0.47861454,0.13599633,4.76
0.1656855,0.21316133,0.49689034,0.22051744,0.3405189,0.16092534,0.66917485,0.06159232,0.105342634,0.073860765,0.22770554,0.03879777,4.77
0.018974038,0.024785189,0.15140334,0.0935312,0.55663854,0.94548696,0.31243575,0.032845516,0.27058294,0.4884027,0.47487196,0.07576285,4.78
0.11732963,0.1656937,0.14920267,0.37070453,0.4248143,0.8771087,0.0045878985,0.08982548,0.15815271,0.5724587,0.20214602,0.27339154,4.79
0.0279716,0.20004654,0.20178418,0.48774776,0.14514552,0.36388016,0.44701782,0.19766907,0.10522911,0.08939383,0.09493916,0.5504987,4.8
0.3867755,0.11133038,0.13610451,0.002728112,0.60756534,0.2668148,0.121901006,0.32343975,0.01659655,0.06431898,0.4803164,0.01514203,4.81
0.73761857,0.41091225,0.061132055,0.2112025,0.43184868,0.22345588,0.14483573,0.4999495,0.41818783,0.4976618,0.123484656,0.21776035,4.82
0.80503243,0.6751928,0.023935774,0.17898709,0.53911096,0.47007316,0.5625501,0.96479654,0.48951924,0.141206,0.034347754,0.24317876,4.83
0.9873264,0.98839754,0.78409845,0.5501612,0.15036121,0.5594816,0.40491414,0.6477466,0.9999989,0.33048362,0.062656455,0.30782774,4.84
0.17874087,0.5794917,0.82670254,0.006573116,0.13990994,0.13588406,0.11529783,0.5732174,0.8369863,0.09205667,0.055274293,0.0841459,4.85
0.16809265,0.6776767,0.3951114,0.19869882,0.5769578,0.35328075,0.1661174,0.47979584,0.5423845,0.7241431,0.015662288,0.28506985,4.86
0.2389906,0.33945343,0.63683224,0.24783003,0.5668766,0.06591953,0.090218596,0.17658532,0.17020029,0.5225959,0.1130937,0.13636214,4.87
0.49741277,0.39467904,0.5597416,0.45179003,0.2511165,0.14573717,0.29518205,0.07147157,0.26202545,0.5833322,0.18926948,0.0073845326,4.88
0.3710644,0.17081596,0.29176983,0.50305414,0.012336862,0.3359561,0.1495389,0.304984,0.25321537,0.39746457,0.4676308,0.12893125,4.89
0.17263716,0.10158267,0.3207585,0.27394736,0.29292092,0.27910283,0.4452917,0.17142425,0.41041768,0.67126304,0.23178963,0.20269287,4.9
0.012890055,0.1032516,0.2500073,0.4577939,0.10197461,0.08118727,0.46343026,0.01315386,0.019998979,0.61940795,0.21671078,0.37415686,4.91
0.033858158,0.00931916,0.43614143,0.6649703,0.12155427,0.30406764,0.66230726,0.3189737,0.07052078,0.46227583,0.28946593,0.58063847,4.92
0.03974595,0.07163958,0.06948053,0.007865583,0.23863949,0.2186289,0.31410694,0.21109757,0.26073402,0.45756146,0.41049108,0.2397138,4.93
0.07806362,0.095956445,0.07381154,0.016363865,0.2726213,0.09679381,0.09501869,0.14672093,0.063490786,0.30301717,0.4654054,0.10009918,4.94
0.38674775,0.0327945,0.19569416,0.24888593,0.08929544,0.18831667,0.1405749,0.005734704,0.07482079,0.41053802,0.23278713,0.16704254,4.95
0.2864637,0.33776936,0.36521804,0.08184412,0.08042046,0.4303644,0.025961196,0.1413012,0.36254752,0.016074447,0.05165952,0.24275,4.96
0.47564197,0.12539394,0.41594282,0.16237192,0.24395591,0.38320616,0.18031776,0.22495572,0.082431,0.48718366,0.22541727,0.34827507,4.97
0.40570685,0.08568546,0.06587106,0.01597298,0.32498842,0.048918154,0.021229679,0.08162229,0.0056163934,0.31425664,0.17169376,0.10704669,4.98
0.12698932,0.21250294,0.041570548,0.083527334,0.1008369,0.2604863,0.23766139,0.38745886,0.052298866,0.60751396,0.2393762,0.20467354,4.99
0.696411,0.0239574,0.22922155,0.10950218,0.27914453,0.047706734,0.010199135,0.05240417,0.068866424,0.190392,0.10044861,0.2008209,5.0
0.1816369,0.09882278,0.2757229,0.22821331,0.05142635,0.08537753,0.12624747,0.011124243,0.2606169,0.20378543,0.25619477,0.2154379,5.01
0.02529438,0.09767007,0.28402075,0.07921456,0.06938284,0.31946284,0.4288475,0.2616626,0.10966286,0.038408864,0.075181015,0.2559789,5.02
0.24842355,0.041228306,0.64354444,0.17849486,0.4068698,0.16847773,0.7204092,0.14461777,0.105655156,0.02183986,0.262322,0.090208285,5.03
0.041947372,0.12944277,0.039027594,0.53985655,0.20233195,0.24097466,0.5670242,0.48929486,0.11871208,0.3144686,0.26245284,0.09158863,5.04
0.41139117,0.4684999,0.329967,0.2827749,0.5947848,0.24749564,0.38511598,0.12171482,0.031184925,0.03836895,0.10562049,0.2292665,5.05
0.2718324,0.20330538,0.2696046,0.14313449,0.334829,0.20850201,0.40887907,0.28088206,0.11112094,0.30320677,0.18245046,0.4629886,5.06
0.46439227,0.326332,0.37583664,0.18036446,0.5282163,0.05834537,0.17316987,0.24795787,0.37607902,0.5170969,0.20060396,0.56406724,5.07
0.6994846,0.3972909,0.26410115,0.22834995,0.3838338,0.33610544,0.2056808,0.45461288,0.22605297,0.015536334,0.05018567,0.5465278,5.08
0.6529371,0.3212842,0.38204896,0.2760385,0.32147914,0.06281604,0.39505526,0.51314145,0.33784032,0.26719552,0.41474122,0.13067275,5.09
0.42772627,0.053251125,0.056513693,0.3637038,0.17885274,0.3018861,0.28613222,0.3386487,0.2591098,0.28332147,0.07373935,0.01966898,5.1
0.7004563,0.13438484,0.29205495,0.04883537,0.4885827,0.37044525,0.044254288,0.16434164,0.11795102,0.0246129,0.16704339,0.22331007,5.11
0.39557225,0.41553178,0.0038762963,0.14189059,0.278714,0.38402772,0.016420078,0.28067315,0.19573925,0.29094565,0.2509844,0.21706454,5.12
0.41834322,0.5357642,0.48743567,0.29016104,0.059289597,0.5636728,0.077272065,0.25844365,0.121201135,0.27503508,0.024756601,0.14545932,5.13
0.03887841,0.20560688,0.16977943,0.14845742,0.17039303,0.008580539,0.0345797,0.17030206,0.18035895,0.26603878,0.010860734,0.27810034,5.14
0.005613021,0.06328471,0.29028207,0.20728035,0.005503509,0.14462198,0.2524574,0.13391896,0.15752353,0.09103137,0.013695393,0.20533885,5.15
0.11592021,0.15788329,0.5842491,0.3275585,0.030729473,0.6704277,0.39085943,0.27006555,0.29560906,0.20910004,0.031791706,0.0049336264,5.16
0.041498356,0.050156277,0.3561606,0.4129435,0.25360978,0.003347287,0.357174,0.37592083,0.19862747,0.025663031,0.3789714,0.17974989,5.17
0.5447382,0.37122774,0.30303773,0.016827147,0.6923453,0.1042171,0.030020002,0.16756068,0.10613533,0.16548091,0.25905663,0.43230987,5.18
0.47212553,0.51469713,0.91789985,0.0383184,0.50139815,0.13221492,0.19938613,0.36047783,0.07147634,0.5225999,0.2091862,0.6212866,5.19
0.8572901,0.23082142,0.33832988,0.12763438,0.36746752,0.24009144,0.010094347,0.18071437,0.070498385,0.21247898,0.24233943,0.61928225,5.2
0.33777177,0.024422131,0.08796643,0.046267677,0.112560704,0.1770024,0.06733491,0.4494891,0.001013275,0.36894163,0.29188222,0.20578603,5.21
0.321864,0.24936853,0.11135546,0.2856254,0.028066901,0.023555022,0.026447194,0.22974867,0.12294143,0.05565868,0.09752141,0.41845062,5.22
0.037630703,0.19093385,0.13421346,0.2852054,0.16945557,0.13066508,0.3245094,0.1837513,0.0074076233,0.05413407,0.23826814,0.1622414,5.23
0.15338232,0.12706703,0.26655287,0.24962479,0.46855715,0.16105704,0.26298267,0.04061071,0.09965429,0.33865064,0.473438,0.37468135,5.24
0.22359331,0.19016048,0.051161405,0.1387982,0.57285,0.36261413,0.22649379,0.026999263,0.24475825,0.31603548,0.48876318,0.2845084,5.25
0.1921856,0.08145902,0.18786518,0.132067,0.16940904,0.17997198,0.029628405,0.09814936,0.21305445,0.30827588,0.18855442,0.28168952,5.26
0.29560518,0.21353218,0.013789892,0.3093604,0.27968964,0.08013025,0.06562642,0.25090456,0.05734145,0.21798865,0.4713723,0.10868689,5.27
0.018299514,0.1644946,0.036080677,0.16181615,0.03226047,0.31910956,0.11177091,0.0034864668,0.18366832,0.070882566,0.05860079,0.02707587,5.28
0.23752828,0.2169111,0.00785853,0.30881318,0.040543713,0.35248482,0.2383925,0.43754244,0.0044898516,0.11264779,0.144947,0.19655237,5.29
0.25152123,0.19256908,0.12980458,0.3542144,0.024645487,0.09423791,0.6144048,0.5748097,0.084026076,0.00976103,0.03595911,0.10849547,5.3
0.12131191,0.14721419,0.13942866,0.33455634,0.2131661,0.16609062,0.7120626,0.31232867,0.060768157,0.08067656,0.058596555,0.22758445,5.31
0.06716163,0.0622512,0.095627084,0.21775045,0.14633028,0.06125261,0.5278829,0.39834243,0.12540042,0.17137405,0.11140266,0.16416265,5.32
0.035388116,0.03203132,0.33558518,0.008251243,0.2732902,0.012825079,0.33768192,0.17797,0.018533507,0.18499476,0.31614852,0.08845597,5.33
0.18712111,0.08732977,0.034607247,0.2861499,0.1984018,0.13828829,0.27370435,0.1160922,0.23778717,0.077071615,0.10908581,0.2404732,5.34
0.14868906,0.35649732,0.40122116,0.05551314,0.021266477,0.260079,0.19386296,0.48172313,0.18068774,0.040455505,0.28045806,0.39863896,5.35
0.38210085,0.27766857,0.1375909,0.07695887,0.003952164,0.25247633,0.10087416,0.12762347,0.24139246,0.52471524,0.027615082,0.06517644,5.36
0.006381024,0.20535193,0.53266406,0.5195101,0.039063968,0.04089304,0.23338264,0.040084463,0.0022137729,0.18812835,0.16607589,0.21907005,5.37
0.11068097,0.077188365,0.5057692,0.10510659,0.023154361,0.099406675,0.23123756,0.26113674,0.07220874,0.100631595,0.2522752,0.383558,5.38
0.3346174,0.123678714,0.2528033,0.4282395,0.37636837,0.055004254,0.08737268,0.30280012,0.3516953,0.46906167,0.47208658,0.15819107,5.39
0.19704299,0.35407236,0.3725863,0.057896484,0.30252936,0.39647827,0.10128207,0.37455294,0.09110849,0.1768395,0.25203347,0.3244774,5.4
0.10800327,0.27588165,0.077093594,0.28584093,0.07644203,0.33371526,0.15369037,0.19268861,0.04415129,0.32601056,0.4080298,0.17154437,5.41
0.07678834,0.2655521,0.12449443,0.2938983,0.16566543,0.19162512,0.016153364,0.19310535,0.201083,0.22859529,0.064296015,0.162442,5.42
0.21839927,0.49986324,0.38797817,0.6644078,0.23522198,0.057796057,0.0060369163,0.022079624,0.16023378,0.7625813,0.09220692,0.32610995,5.43
0.40136123,0.19126673,0.29803827,0.6486675,0.38733605,0.10310426,0.27522752,0.21614686,0.106278785,0.10293433,0.48629016,0.13253446,5.44
0.19276787,0.4650935,0.16912226,0.6357714,0.32101616,0.1135288,0.20705903,0.09530739,0.07128747,0.2993919,0.15397689,0.1216987,5.45
0.097997464,0.21485381,0.22537586,0.34596103,0.54424256,0.20228319,0.29185125,0.063066356,0.26300552,0.57750857,0.007089665,0.2154851,5.46
0.32604986,0.061571907,0.22480929,0.19037054,0.44620523,0.3990981,0.04878987,0.3292172,0.14364697,0.14088978,0.16928911,0.35404593,5.47
0.19239941,0.024541007,0.23121412,0.43173367,0.40684503,0.006843777,0.33987862,0.11189016,0.019712383,0.17658585,0.13996212,0.59066147,5.48
0.34287605,0.0867853,0.029615803,0.25931472,0.57906127,0.12382685,0.35197186,0.49559066,0.17796965,0.06663372,0.24651943,0.6073481,5.49
0.20760477,0.22436087,0.034596775,0.29137492,0.34350437,0.028263334,0.20229633,0.4718218,0.3998609,0.20503229,0.11348139,0.16832025,5.5
0.49040756,0.3818848,0.1197987,0.07546332,0.48956442,0.31798953,0.40477428,0.60510176,0.24052124,0.09383389,0.15991955,0.032862447,5.51
0.6369018,0.6993876,0.3778413,0.24889824,0.16970405,0.3625504,0.0039758957,0.3823509,0.46563575,0.119985476,0.1678632,0.34941518,5.52
0.09830201,0.30636474,0.5277652,0.0062513626,0.04516748,0.068271756,0.244407,0.1863476,0.31179342,0.20726368,0.013352086,0.02748247,5.53
0.1415697,0.40813732,0.43560126,0.0074425675,0.08511857,0.34450525,0.004493136,0.23694462,0.30013508,0.2921318,0.1298614,0.020715002,5.54
0.022049872,0.09430579,0.32841533,0.07132876,0.30869257,0.04497143,0.1324802,0.47145852,0.3010352,0.037069574,0.06924381,0.12431835,5.55
0.4745971,0.2350971,0.19123589,0.0124637475,0.19299299,0.07725238,0.27987778,0.28310475,0.32887354,0.38030955,0.06627262,0.059414424,5.56
0.074932046,0.08167918,0.23274097,0.05864383,0.07556647,0.28910497,0.3020052,0.105146445,0.12826343,0.3020968,0.24582857,0.17725788,5.57
0.13517848,0.041214067,0.16292779,0.24130651,0.28556335,0.029039841,0.49594125,0.046396237,0.02531572,0.40972772,0.2710752,0.09178985,5.58
0.13817856,0.028883938,0.018524636,0.207749,0.29417637,0.079221524,0.32418105,0.18101281,0.039519135,0.26165006,0.045803636,0.3115284,5.59
0.15706743,0.17986529,0.20953138,0.19658057,0.2384872,0.19621728,0.32578507,0.0658268,0.30551758,0.36268532,0.03741426,0.29429615,5.6
0.15938608,0.100558996,0.0378073,0.045984916,0.24831085,0.20647305,0.22824913,0.043951225,0.14604288,0.21301909,0.47944015,0.3923621,5.61
0.09205405,0.16747056,0.22362009,0.23404472,0.13129103,0.09824179,0.05413394,0.12513217,0.019508056,0.32501042,0.47641268,0.2761066,5.62
0.44146195,0.3018178,0.22588633,0.20840079,0.13786225,0.10489189,0.023398252,0.013169668,0.07883644,0.4247972,0.38617873,0.56918985,5.63
0.07011935,0.0034092509,0.08342595,0.51460904,0.12309696,0.11357644,0.16013789,0.087335,0.2915795,0.3282941,0.32252795,0.28875324,5.64
0.05041974,0.059514377,0.030223459,0.10921168,0.3095006,0.31471056,0.011727985,0.087725624,0.024732117,0.37548044,0.2780147,0.44836187,5.65
0.08848745,0.044449825,0.06828374,0.05819728,0.038523298,0.15986441,0.026435921,0.23181362,0.025120491,0.048765916,0.20241217,0.11796505,5.66
0.08605136,0.15907812,0.0072692977,0.24858113,0.07025739,0.3392817,0.08883093,0.39567885,0.09495384,0.24898446,0.0037067519,0.06713138,5.67
0.2801835,0.28269792,0.026486523,0.018929023,0.06709135,0.52037656,0.15495937,0.11752224,0.03781327,0.083529994,0.07247246,0.24965796,5.68
0.16589123,0.57144254,0.15287027,0.14600658,0.007120683,0.5415306,0.50236356,0.27938408,0.21318899,0.54483575,0.31765127,0.31037718,5.69
0.1219701,0.31501642,0.22308554,0.0025354307,0.12853627,0.50024235,0.62421656,0.38340178,0.105050385,0.077814795,0.014115399,0.21257125,5.7
0.09419566,0.0776864,0.56319344,0.08295556,0.30128127,0.3381938,0.31765103,0.00947933,0.0896574,0.5111958,0.16870701,0.04349543,5.71
0.17216739,0.07231632,0.099026136,0.2497359,0.10149899,0.1343246,0.36961073,0.37156492,0.010138859,0.060939286,0.10569159,0.5375105,5.72
0.5263632,0.8031451,0.42345068,0.41351727,0.2009898,0.11879159,0.38274106,0.033983022,0.421136,0.13393344,0.16657771,0.0019797485,5.73
0.08023555,0.4264385,0.2994492,0.16600697,0.22540137,0.6137126,0.5254298,0.3295091,0.12432947,0.2088852,0.17733502,0.11766324,5.74
0.59598213,0.4343233,0.4826215,0.106517985,0.12460137,0.1278192,0.38435414,0.32016194,0.45496586,0.59293383,0.1870506,0.28254208,5.75
0.5002605,0.3576601,0.20322429,0.17946962,0.07876039,0.3893074,0.28005084,0.29193187,0.08350178,0.15672418,0.055109024,0.15218113,5.76
0.5610963,0.44978586,0.65495515,0.051861882,0.22905712,0.042065572,0.23135711,0.2275608,0.014191725,0.26890317,0.20078318,0.1289461,5.77
0.6801984,0.45319402,0.07880638,0.14322843,0.35708827,0.40100837,0.2812903,0.28174078,0.102148995,0.11473247,0.063260406,0.24887834,5.78
0.45417938,0.28511977,0.44487867,0.12770067,0.13620539,0.13927846,0.003440594,0.06271525,0.3001425,0.07076033,0.019419644,0.016637787,5.79
0.11685886,0.029455401,0.19004901,0.304648,0.13985728,0.24360359,0.24445659,0.28532797,0.15300603,0.3707184,0.25091937,0.18645185,5.8
0.22529814,0.043620348,0.02746145,0.046798456,0.0422803,0.21510835,0.036995884,0.14026877,5.3940646e-05,0.6173969,0.26093468,0.066524535,5.81
0.047262058,0.06269743,0.02378519,0.10266048,0.029011345,0.1277209,0.05293443,0.1449233,0.13961518,0.23490727,0.3799403,0.20386548,5.82
0.21230006,0.045550026,0.15112011,0.29655194,0.20103846,0.21027882,0.29407567,0.016346889,0.04290714,0.09944035,0.15136269,0.23674878,5.83
0.20203471,0.06962471,0.25980398,0.27415276,0.017134352,0.48170376,0.15069987,0.29414237,0.13549112,0.34763908,0.26707926,0.013162653,5.84
0.24132328,0.19522913,0.35633746,0.102308355,0.24656817,0.3620425,0.11136165,0.061510008,0.08823557,0.0092602,0.07550332,0.09488565,5.85
0.31019622,0.21031782,0.30857137,0.022883262,0.5344048,0.4858722,0.07036909,0.012072461,0.06171144,0.24028969,0.0390088,0.36977327,5.86
0.13152122,0.29089394,0.5176029,0.2206976,0.059148945,0.23632741,0.032384235,0.22822857,0.038977653,0.45303103,0.15781549,0.40626416,5.87
0.4821615,0.11745114,0.24654777,0.16772725,0.10094457,0.14892179,0.24120098,0.10929266,0.010518649,0.06945899,0.33464426,0.5174751,5.88
0.12481834,0.09620179,0.17194335,0.11300374,0.090074115,0.09232934,0.03254143,0.22815554,0.08226211,0.25474477,0.22784667,0.17751636,5.89
0.18836923,0.23834163,0.14982335,0.27525544,0.07385903,0.06662134,0.07780614,0.065812856,0.11987426,0.010742172,0.15833282,0.20896617,5.9
0.057405338,0.005673695,0.19505529,0.3079636,0.06097103,0.1341702,0.19928387,0.13253394,0.029262008,0.07328539,0.09439211,0.058548734,5.91
0.05731578,0.11427344,0.2518398,0.18039665,0.26531604,0.18972269,0.24267733,0.0010499348,0.10130614,0.24521108,0.29395244,0.15023677,5.92
0.13787091,0.1394274,0.13699876,0.04917186,0.34166643,0.23119833,0.047181826,0.02017617,0.18712305,0.23179457,0.42595452,0.3697377,5.93
0.04704565,0.11273893,0.30001113,0.09473261,0.14129181,0.13147137,0.00799612,0.025500188,0.1639764,0.09358547,0.24604174,0.40001342,5.94
0.09301289,0.442148,0.18606794,0.088412784,0.2712136,0.16352016,0.158381,0.019304998,0.20535545,0.21805629,0.40499288,0.19732554,5.95
0.075309396,0.45034543,0.054573726,0.015300022,0.037161272,0.17071779,0.10064514,0.255545,0.08034152,0.08192044,0.097256884,0.2148074,5.96
0.3812892,0.41439033,0.06259434,0.11000413,0.13241914,0.24317434,0.13393082,0.22853507,0.015002296,0.13533698,0.34835777,0.0009302677,5.97
0.32330093,0.12491091,0.09256123,0.15899281,0.1185347,0.068737015,0.25219557,0.31507882,0.07633374,0.018110534,0.054663748,0.11201862,5.98
0.05049689,0.051743828,0.10825174,0.41780716,0.37421757,0.1410667,0.19712958,0.13508429,0.22240105,0.10755428,0.08788231,0.022084428,5.99
0.110233426,0.056033656,0.12553242,0.12371412,0.26526842,0.019314544,0.28864217,0.3362459,0.13321349,0.09285604,0.22819948,0.058873046,6.0
0.0711161,0.05604386,0.3611807,0.13343747,0.105688795,0.026477033,0.19681902,0.09013868,0.18357003,0.29884768,0.38150454,0.24632436,6.01
0.26005587,0.14397207,0.21409965,0.22434273,0.061936233,0.034902066,0.12976412,0.03613048,0.27117428,0.17892247,0.20269878,0.38370362,6.02
0.016658805,0.10951723,0.01227977,0.037380822,0.048464056,0.009356391,0.07052086,0.4873243,0.1814974,0.17199124,0.13524057,0.3998568,6.03
0.18912145,0.071841024,0.09397069,0.04088145,0.354058,0.24172127,0.07177292,0.35357216,0.24466282,0.22542429,0.00782472,0.03832469,6.04
0.19799,0.23620452,0.5613146,0.19107896,0.2979033,0.18084633,0.23720795,0.057559706,0.023444636,0.44736654,0.019589294,0.29335383,6.05
0.13585845,0.1962854,0.444609,0.15171324,0.0192954,0.39200392,0.029230384,0.12759791,0.024426425,0.14384717,0.12796676,0.1472897,6.06
0.29014012,0.27269652,0.19035356,0.45554662,0.32194835,0.28867903,0.19017732,0.010820257,0.09696437,0.025858602,0.0028312032,0.24496795,6.07
0.13388267,0.12678696,0.26441205,0.07588838,0.49260613,0.10209286,0.13881621,0.20321934,0.07281766,0.11411468,0.13997804,0.052538157,6.08
0.32909536,0.013820749,0.059642453,0.2640787,0.2366668,0.03691534,0.025119921,0.015209599,0.12328702,0.2237986,0.17046744,0.22424324,6.09
0.3145786,0.1674117,0.06797495,0.15466176,0.032244608,0.07475071,0.20050183,0.25686783,0.1112451,0.22072332,0.14601673,0.17116718,6.1
0.33855468,0.4262551,0.026464542,0.31563774,0.1624542,0.16440167,0.0658774,0.1264809,0.2865693,0.64784294,0.1560509,0.2078929,6.11
0.00028138293,0.09900299,0.25022924,0.52177215,0.15117277,0.1002092,0.22015963,0.01587245,0.11239028,0.04215425,0.41499805,0.14544825,6.12
0.1788464,0.1188953,0.1435341,0.34308776,0.16647577,0.00083749037,0.41529098,0.030845568,0.057013836,0.17343917,0.21088557,0.1592995,6.13
0.07636244,0.018731346,0.14146274,0.42792255,0.17348462,0.113030314,0.40785557,0.0180737,0.10916307,0.41772333,0.10641741,0.012906332,6.14
0.021013841,0.1367522,0.27423683,0.5208925,0.18603326,0.56794465,0.2366906,0.020029802,0.068181604,0.3326626,0.09845676,0.02476897,6.15
0.1971557,0.077663384,0.1663269,0.3462796,0.45014456,0.17996617,0.74908113,0.15735193,0.21127506,0.015244372,0.2565159,0.3117473,6.16
0.27253658,0.3553782,0.07369227,0.14504084,0.78650033,0.025006931,0.5581716,0.33035806,0.25324625,0.09171075,0.47825974,0.26867962,6.17
0.14204568,0.4093891,0.19451502,0.105838105,0.50415903,0.19903626,0.2066439,0.28221816,0.2687476,0.16256647,0.047703013,0.040320594,6.18
0.41147706,0.3753089,0.2875453,0.24675138,0.27281278,0.25453869,0.23835601,0.49584115,0.45998147,0.30243346,0.049552836,0.3374863,6.19
0.7566059,0.6328076,0.43824905,0.4709106,0.021755623,0.47004572,0.21041138,0.64528555,0.7139927,0.09899174,0.09304742,0.29342777,6.2
0.43380147,0.43151438,0.5927056,0.26281556,0.09796358,0.11402317,0.015871553,0.45437077,0.37584126,0.061905295,0.09299912,0.28790835,6.21
0.42924938,0.6385473,0.46598586,0.1542802,0.28880048,0.08141301,0.20415623,0.5177341,0.3444703,0.38648483,0.32385224,0.1897413,6.22
0.11046774,0.30710265,0.55402464,0.08598223,0.20182174,0.1562275,0.089039,0.34096137,0.30703628,0.23765862,0.13590674,0.0022772304,6.23
0.5775429,0.45550972,0.31297684,0.112012744,0.23714906,0.22424689,0.23051718,0.0013204676,0.33666256,0.5116524,0.28957316,0.07249868,6.24
0.1898203,0.15760499,0.08881248,0.40448374,0.061225057,0.30329725,0.1462325,0.30644718,0.24442236,0.36790353,0.32458842,0.07257228,6.25
0.05929809,0.15473337,0.4336418,0.28889272,0.20676199,0.051678818,0.33301058,0.21021916,0.4136195,0.57720834,0.16808724,0.19169909,6.26
0.060325395,0.2202949,0.27880713,0.2421197,0.07318507,0.28745088,0.30937782,0.16314913,0.0011824027,0.45858803,0.1295772,0.5117155,6.27
0.079730675,0.16646288,0.33162704,0.4896697,0.1429751,0.50142175,0.5773452,0.24532758,0.07400525,0.39953896,0.31013724,0.52597076,6.28
0.08989022,0.18684253,0.17723878,0.18590303,0.36778924,0.094969444,0.23518722,0.047492653,0.18108034,0.21785587,0.3483595,0.40980372,6.29
0.06506623,0.3837669,0.03318065,0.22993293,0.25159264,0.0953702,0.07597605,0.09658345,0.18424347,0.12974896,0.31508648,0.06880218,6.3
0.30735385,0.036777142,0.08442896,0.07331467,0.052633226,0.012481396,0.13162163,0.044307433,0.46510583,0.6879116,0.33293205,0.0828398,6.31
0.34556663,0.4390661,0.13590513,0.03854006,0.04554192,0.31008524,0.14322719,0.25377196,0.20212403,0.24562086,0.10188154,0.022702545,6.32
0.12044437,0.32542253,0.16069676,0.1166055,0.36347508,0.23509775,0.06970323,0.15805644,0.08019066,0.69148856,0.050842077,0.22244348,6.33
0.16480087,0.10364292,0.02355629,0.31083155,0.11982296,0.0063593076,0.086151674,0.07855,0.11865206,0.1247413,0.12011438,0.029931247,6.34
0.014830814,0.29004446,0.61717325,0.14660938,0.38409883,0.19911706,0.12921868,0.48586646,0.26146543,0.48246744,0.0032034225,0.071294725,6.35
0.689744,0.03533773,0.43998384,0.010464306,0.66823107,0.38421622,0.48087752,0.1198225,0.019550342,0.11094424,0.33120573,0.7292494,6.36
0.18024318,0.24422127,0.29045635,0.13874868,0.07185107,0.020770738,0.29002765,0.05615787,0.12076404,0.3828379,0.09888231,0.18725736,6.37
0.13055803,0.411619,0.038321353,0.37670273,0.34123293,0.4422283,0.016921911,0.14794795,0.16456267,0.32359987,0.18877582,0.101542376,6.38
0.36044064,0.36804944,0.7485436,0.3392128,0.008524372,0.028929815,0.34262648,0.03931783,0.07402688,0.5003378,0.20418397,0.2545041,6.39
0.28233653,0.113554984,0.37967288,0.17693102,0.0016429704,0.27921999,0.4276655,0.49353278,0.038186878,0.2767762,0.062156655,0.25885463,6.4
0.44923306,0.23587336,0.3389152,0.16203915,0.31166306,0.12891027,0.19922715,0.24590038,0.26230034,0.05506604,0.12980899,0.021720294,6.41
0.45790377,0.20244223,0.061579544,0.33224574,0.5706293,0.25016573,0.059892654,0.30695763,0.33437183,0.069403976,0.13249241,0.80207646,6.42
0.5158846,0.06133888,0.04814883,0.17956762,0.5003379,0.0677744,0.118145,0.16864112,0.41245717,0.12324594,0.0717613,0.6079661,6.43
0.47491238,0.03118285,0.14088058,0.38706133,0.28568205,0.16747859,0.05097343,0.17601691,0.09916381,0.33263573,0.40733427,0.4808693,6.44
0.3805379,0.19453911,0.2249547,0.33610582,0.19044496,0.057025768,0.075904824,0.24169661,0.0052118883,0.42543423,0.38316575,0.35672286,6.45
0.40717492,0.23363516,0.08636408,0.1835757,0.17652021,0.01401109,0.2634625,0.34527403,0.33256584,0.11247995,0.42009237,0.19879049,6.46
0.74620426,0.2505927,0.26459146,0.17100962,0.42752004,0.24272476,0.10762859,0.2768264,0.32776976,0.06170524,0.19053477,0.40681696,6.47
0.27780172,0.42321968,0.15094732,0.38625237,0.17728668,0.12005995,0.12184516,0.19203606,0.15138568,0.16860504,0.057680205,0.102803245,6.48
0.10822887,0.428881,0.30616665,0.06089559,0.10020645,0.2917046,0.00895129,0.077527314,0.058999732,0.06421549,0.14237972,0.043791186,6.49
0.05988446,0.0640007,0.14866479,0.058354907,0.07518649,0.1807779,0.1852326,0.10477655,0.14853454,0.31490278,0.027749375,0.0056984723,6.5
0.011840309,0.33020484,0.3516278,0.04432599,0.0061344546,0.6176273,0.36559469,0.15582399,0.27244005,0.1177746,0.10772679,0.14449486,6.51
0.5601747,0.38209462,0.53886276,0.05003294,0.21535976,0.7371104,0.115033954,0.33844224,0.1583252,0.019746331,0.27738824,0.4436406,6.52
0.56879306,0.43924227,0.65941864,0.16964933,0.14356005,0.15330946,0.049922757,0.20376919,0.013338085,0.102079175,0.28085825,0.49225977,6.53
0.3819813,0.41587517,0.46591568,0.06886486,0.33468652,0.25342056,0.07346241,0.15617408,0.2867289,0.16370563,0.38071507,0.4381616,6.54
0.121406354,0.23756537,0.19956383,0.024380332,0.12390418,0.19071221,0.11418909,0.268598,0.117350645,0.39266193,0.011637996,0.473345,6.55
0.6579171,0.07580373,0.06695825,0.011489249,0.2705525,0.17274444,0.011027275,0.04318334,0.0047227275,0.103985935,0.06949993,0.2502791,6.56
0.0798004,0.10998564,0.22118728,0.11036015,0.1655535,0.09934237,0.16492054,0.01121248,0.08931649,0.022155456,0.21606274,0.21901639,6.57
0.14507957,0.2520413,0.1528385,0.10768362,0.40833655,0.022494761,0.0511849,0.016441995,0.11563613,0.07484007,0.14143074,0.63536996,6.58
0.23314413,0.29339552,0.028004885,0.06066333,0.52762836,0.12643072,0.16087078,0.05887251,0.1961289,0.45370376,0.5943876,0.20976259,6.59
0.028675053,0.06312369,0.25430095,0.12864365,0.12329619,0.01999934,0.22728693,0.2591797,0.2067556,0.4000768,0.17622928,0.0079556815,6.6
0.2497488,0.15377651,0.23472494,0.032904714,0.56706446,0.06608983,0.12636015,0.098408416,0.13581449,0.28435192,0.36144975,0.03300028,6.61
0.19847389,0.16210838,0.04412429,0.3510634,0.111010544,0.017635109,0.20974086,0.14565803,0.020753628,0.035910256,0.09906398,0.052313805,6.62
0.07175638,0.177015,0.16177219,0.19268863,0.07562975,0.061313633,0.04459466,0.013081155,0.062395636,0.026795702,0.33166403,0.13118923,6.63
0.19160767,0.15195037,0.036589302,0.04348763,0.020451015,0.10787785,0.117379,0.1417199,0.07712025,0.024738891,0.054154553,0.23712464,6.64
0.1431748,0.21660675,0.054536454,0.17840837,0.12203105,0.3171853,0.18115187,0.006489814,0.2552337,0.036878623,0.051231146,0.35883725,6.65
0.0635232,0.2132359,0.10321649,0.23792823,0.006982278,0.018897805,0.4758722,0.22779882,0.028782366,0.21241331,0.060937803,0.21596624,6.66
0.37098986,0.3886195,0.24628283,0.40119824,0.37039235,0.09197248,0.45570898,0.25882512,0.13090765,0.036328897,0.23153156,0.051795065,6.67
0.24108526,0.23928279,0.010623965,0.09214539,0.23024923,0.18734303,0.18137757,0.18122342,0.04452529,0.011094779,0.11726192,0.06594735,6.68
0.065632924,0.38409168,0.059523206,0.0995921,0.08551421,0.06797329,0.08598597,0.28429797,0.062491883,0.077006765,0.17695916,0.06963319,6.69
0.02176361,0.24537678,0.0678328,0.08347745,0.11577638,0.07289286,0.009259927,0.106870174,0.206853,0.21151459,0.084600076,0.00548164,6.7
0.19521292,0.30031264,0.20750163,0.21420468,0.2268331,0.09904348,0.23534092,0.16531725,0.12073843,0.17718461,0.17602572,0.11593054,6.71
0.14534779,0.28604442,0.00959221,0.057186026,0.2938331,0.15454169,0.14963673,0.1241758,0.034653414,0.29754114,0.08666009,0.14172292,6.72
0.2600923,0.12991703,0.19451238,0.25379264,0.058512513,0.123750016,0.03407937,0.030213634,0.28360543,0.21476147,0.2751009,0.016084813,6.73
0.061549757,0.060860563,0.066162735,0.08046,0.17463262,0.3130225,0.101486474,0.004276072,0.101545796,0.06112175,0.05919134,0.1227977,6.74
0.1268425,0.15070659,0.27118555,0.29434937,0.40070993,0.13768499,0.052521,0.077411726,0.056125395,0.30626312,0.20111746,0.089793324,6.75
0.24710135,0.28279015,0.17799659,0.16997331,0.31129077,0.16998914,0.15116358,0.20345311,0.015850332,0.039780613,0.07045187,0.025051912,6.76
0.2418235,0.03805523,0.014625516,0.49080372,0.00070006686,0.21743569,0.04343893,0.104887605,0.12446626,0.25293738,0.26021898,0.19197497,6.77
0.01216968,0.35088363,0.08469626,0.034085073,0.09844607,0.14123945,0.17750311,0.10829758,0.043138426,0.063893504,0.16444962,0.21604104,6.78
0.042824477,0.24893038,0.2488998,0.3258444,0.11899205,0.05802292,0.23204923,0.14911225,0.07418744,0.42562667,0.1247688,0.16403416,6.79
0.041961547,0.18444659,0.19015774,0.567575,0.11585346,0.16252781,0.55164015,0.037958402,0.09743991,0.1509451,0.31622177,0.009208017,6.8
0.22822116,0.20880216,0.041163262,0.6609966,0.39125702,0.082650766,0.40729356,0.021915555,0.032955788,0.049549054,0.069260046,0.03575685,6.81
0.020897977,0.033046868,0.23743829,0.45750672,0.36102813,0.098936535,0.3970998,0.09277558,0.1346908,0.18945491,0.32383296,0.25681153,6.82
0.13070782,0.120382585,0.0049551367,0.3172781,0.28300783,0.48826355,0.17815948,0.22306119,0.09734966,0.14460985,0.093409725,0.095494136,6.83
0.15530095,0.19710189,0.3445658,0.27016044,0.1873783,0.3099494,0.34158474,0.21240553,0.007594127,0.17684835,0.1451194,0.11413783,6.84
0.13115402,0.014680653,0.16155325,0.03995469,0.30413747,0.26232553,0.24299258,0.19246635,0.048196394,0.008121828,0.23964009,0.07715543,6.85
0.37136126,0.25737193,0.043109197,0.036958043,0.21757436,0.16519381,0.0005425676,0.42399532,0.62302434,0.29877523,0.07000889,0.036457613,6.86
0.5942778,0.19457656,0.09697786,0.020257188,0.48777443,0.37939557,0.3280662,0.65228605,0.50285304,0.2052909,0.08857428,0.13524732,6.87
0.6476913,0.71001834,0.5226863,0.29876572,0.29974633,0.45025566,0.0020982416,0.46497506,0.5171711,0.19553114,0.04935643,0.04087033,6.88
0.017569454,0.24669968,0.46315894,0.119414784,0.064489655,0.11938268,0.14165051,0.19403884,0.3629667,0.09121129,0.0406273,0.018262241,6.89
0.32523578,0.2764591,0.22672947,0.2283935,0.5368128,0.15377784,0.01596974,0.28394622,0.17922504,0.20708893,0.26260358,0.1567661,6.9
0.18657517,0.2670835,0.35838768,0.104524225,0.35960934,0.01971928,0.002260763,0.3043771,0.2373302,0.3781636,0.11321847,0.23363444,6.91
0.3732361,0.37587914,0.30295223,0.1996375,0.017721333,0.0063823685,0.26122326,0.042327818,0.46312347,0.48907927,0.058915295,0.29900968,6.92
0.20875968,0.006476478,0.05463138,0.5139389,0.22059475,0.20153417,0.15894325,0.14377995,0.23177655,0.4032699,0.318562,0.15061614,6.93
0.40537435,0.10480923,0.6028263,0.36451918,0.13474986,0.13193317,0.4607841,0.16820708,0.34321487,0.5896303,0.45232654,0.03453029,6.94
0.17664078,0.3088619,0.43141577,0.5908884,0.022775944,0.031531483,0.20335685,0.31520367,0.31347963,0.3746797,0.00067189144,0.082740515,6.95
0.2787346,0.13571206,0.27494842,0.92133534,0.2984755,0.56493706,0.50767034,0.39183655,0.05150661,0.40593117,0.1581096,0.33266422,6.96
0.47505236,0.29965004,0.35926577,0.14239986,0.41164052,0.2951254,0.6513518,0.49259064,0.3136562,0.6092484,0.52945745,0.86364913,6.97
0.23388556,0.2141564,0.025332583,0.089029126,0.12599993,0.13646996,0.084900685,0.06139312,0.15490273,0.19556238,0.46565947,0.140063,6.98
0.028007636,0.18412423,0.28322077,0.16056998,0.2311699,0.14622124,0.2049778,0.109867424,0.053501528,0.4685681,0.12118335,0.33507422,6.99
0.7766193,0.011954902,0.07001409,0.15435915,0.12587577,0.046151605,0.29610905,0.030652806,0.26448497,0.121315345,0.14369796,0.5546032,7.0
0.0646956,0.04010348,0.08432489,0.12382333,0.34940812,0.48427364,0.24134474,0.016323613,0.097454995,0.88678104,0.13792287,0.37973782,7.01
0.019388516,0.11852177,0.24090661,0.2928146,0.2832969,0.11038725,0.32583356,0.046708424,0.04654566,0.16175605,0.16535711,0.08716771,7.02
0.18949114,0.055649485,0.22130854,0.1386686,0.10990175,0.43793583,0.14718848,0.24582137,0.027566452,0.3653496,0.18440281,0.020066602,7.03
0.38857675,0.15194233,0.12474078,0.46574882,0.11820864,0.0017619948,0.5349987,0.38432935,0.0914429,0.31625557,0.11954989,0.46374038,7.04
0.010087946,0.17372777,0.4846002,0.5193243,0.36379766,0.08749953,0.5160315,0.18116404,0.4060931,0.28349975,0.009291338,0.42054924,7.05
0.22489963,0.10712913,0.47419438,0.35925755,0.4927748,0.35215193,0.2678635,0.1113069,0.12074006,0.07631865,0.109412566,0.24852595,7.06
0.10362571,0.39854124,0.8903695,0.10111831,0.052404687,0.047525942,0.37220556,0.3109457,0.19993082,0.35157353,0.2028524,0.034019902,7.07
0.24233519,0.4482708,0.4642795,0.11475359,0.1496364,0.34884968,0.3252636,0.6355325,0.08654369,0.16054998,0.2255063,0.011337525,7.08
0.76049143,0.6979274,0.5961664,0.013667285,0.50679433,0.1488008,0.04638504,0.41377658,0.163152,0.23161219,0.4210879,0.5322295,7.09
0.78594106,0.38609883,0.38950387,0.08523658,0.7993542,0.3277633,0.18567036,0.34092903,0.10692417,0.1075797,0.00046867836,0.5306971,7.1
0.76688087,0.14312391,0.28413594,0.3387004,0.5893759,0.41857883,0.30245912,0.09906588,0.27375075,0.056298126,0.031196846,0.51109827,7.11
0.69388384,0.38830093,0.037543155,0.36554706,0.5778235,0.7117799,0.24353795,0.2276038,0.2197808,0.30445746,0.3064742,0.5746294,7.12
0.51249266,0.28767297,0.38641515,0.17935595,0.68370676,0.41672206,0.37004137,0.3425926,0.1544446,0.3311729,0.30073014,0.32118312,7.13
0.28798708,0.009051578,0.26481828,0.02184776,0.27105984,0.055304416,0.2362433,0.3717692,0.19696224,0.1512825,0.09594837,0.03555415,7.14
0.70952076,0.2890749,0.047853354,0.15243922,0.47065437,0.022124624,0.0549291,0.52905345,0.28791022,0.32864428,0.18500574,0.03310232,7.15
0.5554466,0.43013352,0.44800612,0.21455675,0.059984695,0.054225117,0.03320868,0.39847884,0.28342712,0.38093913,0.0585123,0.03820574,7.16
0.19384733,0.26897737,0.27816913,0.03736359,0.097414546,0.16237862,0.22759943,0.23089723,0.0153685305,0.055226754,0.29517937,0.049646776,7.17
0.024393773,0.30653185,0.2665955,0.12146612,0.25539497,0.72263896,0.46621475,0.06548996,0.36940217,0.6083166,0.17059988,0.0042653526,7.18
0.24238594,0.60954034,0.74823225,0.19100003,0.046722606,0.8144065,0.6125495,0.55978674,0.32116082,0.06631055,0.31437594,0.032105025,7.19
0.9305541,0.84999317,0.95631933,0.033859048,0.66121763,0.9999988,0.07905656,0.49708107,0.03451988,0.27849227,0.2679554,0.62771195,7.2
0.54127383,0.7034968,0.9999986,0.07450176,0.4178493,0.026644055,0.1555179,0.23296405,0.089042604,0.3012526,0.066195875,0.3336352,7.21
0.63715744,0.19177146,0.4100008,0.32687968,0.81281865,0.10839729,0.19044508,0.015709637,0.25209183,0.07113913,0.47609863,0.35783538,7.22
0.06357283,0.16104913,0.21737927,0.3556952,0.23160803,0.06921633,0.32946336,0.44900215,0.17387362,0.4163979,0.3106695,0.8511475,7.23
0.62163204,0.28227517,0.01726128,0.0010187782,0.09835783,0.06126839,0.21251687,0.25220558,0.14509992,0.15376921,0.11701748,0.03277889,7.24
0.0063170316,0.13510022,0.28966662,0.18044959,0.44013318,0.26758775,0.23360525,0.1593305,0.042974778,0.2344883,0.04909629,0.2057853,7.25
0.028332377,0.067979,0.53624064,0.36450142,0.70802355,0.044108264,0.001443269,0.01930431,0.03741542,0.11666008,0.17715588,0.8301712,7.26
0.07768481,0.115942694,0.35392383,0.24235545,0.831007,0.33804467,0.14330065,0.044325206,0.5282338,0.80437785,0.99999875,0.52742517,7.27
0.1678296,0.2955572,0.008060408,0.29775035,0.0028069566,0.33457267,0.15822446,0.11536045,0.24209465,0.6164911,0.58361197,0.41030833,7.28
0.48806173,0.35615715,0.17988023,0.16258976,0.13896811,0.2059943,0.34427428,0.04255481,0.05622281,0.17761892,0.51110095,0.26229283,7.29
0.029476894,0.19637273,0.22375949,0.07908138,0.14421716,0.09969506,0.27286983,0.27861235,0.13406146,0.16821077,0.052209627,0.13290797,7.3
0.18461932,0.4434415,0.21137625,0.37393752,0.28647712,0.29845294,0.0107806735,0.30574557,0.0069798133,0.08628144,0.21758077,0.032357495,7.31
0.072539546,0.013987918,0.10750145,0.5599888,0.14318916,0.17500325,0.24721402,0.20903303,0.16435277,0.57120484,0.106243655,0.06758054,7.32
0.044640727,0.029658193,0.33698246,0.14058498,0.10285536,0.22097287,0.529166,0.2333188,0.08607575,0.32143283,0.10464388,0.094660915,7.33
0.30696985,0.011379599,0.18248788,0.038443882,0.48647457,0.02874215,0.71005094,0.55203587,0.20136452,0.4201959,0.39560133,0.13493672,7.34
0.15958793,0.29094166,0.37195653,0.033042766,0.6926836,0.3247139,0.4552982,0.028469678,0.10447778,0.1846538,0.35679224,0.13867548,7.35
0.0020021491,0.07940441,0.023427295,0.38956124,0.27440694,0.3522632,0.46429694,0.060086835,0.15598498,0.6111075,0.02569678,0.05754298,7.36
0.060574863,0.27111658,0.19552922,0.23847182,0.29084766,0.24302688,0.27107558,0.20885515,0.13375342,0.20887682,0.022615135,0.06632593,7.37
0.06862279,0.033240583,0.04740259,0.0029635082,0.11670993,0.2024558,0.15319568,0.031709954,0.26052013,0.16923788,0.008367422,0.22133285,7.38
0.100804225,0.017162573,0.1699326,0.49635357,0.19230346,0.16361126,0.060107686,0.009445778,0.13442169,0.35394454,0.088712566,0.11664744,7.39
0.048532758,0.34011686,0.0320965,0.11663905,0.24971007,0.45154855,0.18393521,0.23956425,0.0566119,0.029701665,0.19918776,0.092156015,7.4
0.03138313,0.14750008,0.10617516,0.1120152,0.0020057855,0.16734432,0.0073962924,0.26112068,0.07458086,0.16732438,0.29273072,0.15631817,7.41
0.029536061,0.18058066,0.062408775,0.1021371,0.34418154,0.0018650426,0.033961017,0.13507302,0.01778085,0.28292298,0.034037728,0.15499847,7.42
0.1395789,0.06212124,0.2804145,0.5715698,0.2142995,0.5298775,0.07285595,0.20001869,0.0615078,0.3558715,0.3943369,0.26848796,7.43
0.32966775,0.07787223,0.46423322,0.7716739,0.17533726,0.175674,0.47026783,0.3192639,0.0352059,0.31416127,0.10910537,0.07673872,7.44
0.5172764,0.62996966,0.25353897,0.9514862,0.039157566,0.118102536,0.14667705,0.05088278,0.021280086,0.6111526,0.643252,0.24666469,7.45
0.1401349,0.16045551,0.23619533,0.3918305,0.29840958,0.06656314,0.27778518,0.28236228,0.0054503544,0.6095327,0.14438026,0.0256576,7.46
0.14136367,0.21651436,0.07110128,0.48538247,0.004133376,0.40553102,0.35033953,0.13881013,0.26225814,0.6538956,0.09259995,0.06364774,7.47
0.05021453,0.13110067,0.6459437,0.74049395,0.19702363,0.22675203,0.6196314,0.07033735,0.23706692,0.09075114,0.09780842,0.34806743,7.48
0.061523065,0.16398889,0.086015284,0.5080239,0.28323448,0.43127868,0.48597336,0.13541605,0.22245023,0.1829192,0.0030603192,0.27318794,7.49
0.082280144,0.31594187,0.17122838,0.19064243,0.43141255,0.59139645,0.35246417,0.09509308,0.33206338,0.16891104,0.40631443,0.218614,7.5
0.08739568,0.42656028,0.0523287,0.057658017,0.24871081,0.56238836,0.25315225,0.389222,0.22027439,0.2495575,0.02943571,0.1329076,7.51
0.25756273,0.42991182,0.12389607,0.21890555,0.038618818,0.02262349,0.055466395,0.45350477,0.3623787,0.15152273,0.5488397,0.24852182,7.52
0.3576713,0.31670305,0.116024904,0.01094204,0.07204712,0.11113755,0.06064955,0.42648518,0.1359058,0.036374904,0.19621138,0.07743637,7.53
0.28933093,0.58655083,0.4035895,0.11563419,0.19207798,0.29250264,0.24734305,0.55369157,0.4560613,0.24333222,0.27217314,0.19830556,7.54
0.525035,0.5097507,0.40432978,0.19626607,0.51326656,0.24846521,0.27950063,0.84822685,0.56297237,0.08732098,0.11934732,0.2503775,7.55
0.99999875,0.97535384,0.6520522,0.5157136,0.22240026,0.27056062,0.03687087,0.5157771,0.7881798,0.6142979,0.04462454,0.17516302,7.56
0.28020984,0.38491827,0.5931912,0.118414074,0.04851221,0.17581666,0.1531781,0.30008525,0.5349067,0.03244441,0.20358141,0.13384192,7.57
0.038887613,0.27333924,0.40748313,0.22884603,0.26151192,0.21726769,0.26124823,0.30985373,0.3363477,0.70843196,0.19901977,0.26082727,7.58
0.34931365,0.026452985,0.3159828,0.59479576,0.14782742,0.39481172,0.17689794,0.21852882,0.1812553,0.73349464,0.107059844,0.06845905,7.59
0.050204307,0.09286071,0.39130002,0.6307274,0.00067349686,0.12414943,0.46965188,0.011788867,0.22914317,0.525982,0.029371016,0.24159491,7.6
0.07272509,0.14594321,0.108334586,0.31485626,0.25662863,0.4279305,0.35418156,0.36612973,0.036587898,0.31349212,0.49580768,0.36732683,7.61
0.06138249,0.06309367,0.2504551,0.3580594,0.05958639,0.07183805,0.16527885,0.06502472,0.29601857,0.5178382,0.22703189,0.17225495,7.62
0.087600574,0.078772224,0.43494913,0.19529727,0.26298574,0.37098002,0.13537088,0.13039766,0.10826226,0.5494989,0.4050499,0.5984538,7.63
0.0760513,0.28268522,0.13757442,0.40263566,0.29115528,0.74800473,0.19533281,0.35941935,0.016924921,0.24755938,0.30622557,0.15371567,7.64
0.35865006,0.057077896,0.09581701,0.12443653,0.25607237,0.3430823,0.07812331,0.3005424,0.025875196,0.5623235,0.4833097,0.5526388,7.65
0.35708117,0.029567592,0.243344,0.3000102,0.51300716,0.13189556,0.045923445,0.23213129,0.09051167,0.40649715,0.30670962,0.6146859,7.66
0.07359365,0.10188711,0.17898001,0.04054843,0.3787024,0.49511507,0.20536149,0.38221064,0.34720483,0.43962097,0.06696929,0.012323923,7.67
0.716957,0.2765013,0.017912861,0.12353286,0.37915963,0.43743843,0.21124963,0.2110561,0.31231853,0.063059926,0.07754032,0.5152551,7.68
0.29265553,0.20917237,0.008382717,0.038168553,0.2790158,0.45074964,0.011010613,0.102928035,0.091947034,0.27330834,0.072369754,0.5114208,7.69
0.29850775,0.15594575,0.32839748,0.015170729,0.4125892,0.13989212,0.15735756,0.19891442,0.08888804,0.23341721,0.1306106,0.37865332,7.7
0.30373168,0.1678092,0.63787436,0.109313615,0.12816717,0.23002587,0.21902385,0.370967,0.46050474,0.2786771,0.13196383,0.29960835,7.71
0.15804541,0.31619146,0.52294874,0.07893379,0.2980157,0.5687268,0.2669178,0.29290375,0.20359659,0.24848078,0.12100428,0.47986612,7.72
0.36082998,0.3508234,0.47580516,0.1465823,0.2046481,0.19386782,0.3609439,0.08036009,0.38334933,0.024319822,0.27774864,0.05589762,7.73
0.21733202,0.22976592,0.04968267,0.11636632,0.24632971,0.23706552,0.22812517,0.061675247,0.0511101,0.25933564,0.11297789,0.08049021,7.74
0.465439,0.09925976,0.59915286,0.07182826,0.4370712,0.20276454,0.2830476,0.2904317,0.20948619,0.23569578,0.15684734,0.2508965,7.75
0.7784098,0.12950772,0.59675384,0.060532086,0.46132252,0.045346312,0.26538104,0.7398281,0.2271319,0.27889588,0.30450496,0.39839002,7.76
0.5092745,0.054098394,0.05629599,0.3359543,0.5209082,0.7208716,0.43264174,0.56398517,0.25505555,0.1959522,0.17162494,0.14868863,7.77
0.6527143,0.012834609,0.112248495,0.23423748,0.4791703,0.40082845,0.2602287,0.42521048,0.33667782,0.2699675,0.11867196,0.08338224,7.78
0.703782,0.03972755,0.018094024,0.20752855,0.6308276,0.067642756,0.23950599,0.25506786,0.2363058,0.16171873,0.09310336,0.2735988,7.79
0.25375,0.14419599,0.03153196,0.0895103,0.46426457,0.20256677,0.090075575,0.1657074,0.1043017,0.29992875,0.113757685,0.12362577,7.8
0.4392221,0.29617265,0.47831708,0.08330455,0.3495819,0.35348424,0.0011969175,0.14957789,0.16207576,0.35216686,0.19036734,0.026212066,7.81
0.3031135,0.1080494,0.36948702,0.049411528,0.0752833,0.06375257,0.095107086,0.057823595,0.3041885,0.17926413,0.07593697,0.0057702423,7.82
0.33036035,0.10439111,0.023016656,0.08142181,0.30643916,0.02647874,0.25207525,0.110657915,0.015373004,0.047155555,0.1318134,0.17594512,7.83
0.0010416105,0.089981794,0.17975558,0.052618343,0.059369184,0.4687689,0.07489657,0.16766241,0.13313688,0.09253247,0.17042893,0.1658471,7.84
0.19286409,0.34701657,0.52812415,0.053668525,0.018968362,0.41572103,0.05231619,0.13535737,0.0634099,0.15259573,0.14058,0.36017096,7.85
0.40454534,0.5988544,0.558796,0.22951682,0.53201824,0.6414427,0.10306491,0.2274473,0.1508432,0.3353592,0.24709278,0.47187227,7.86
0.30795443,0.6411052,0.67878276,0.3867263,0.23679969,0.25949147,0.08373622,0.47854063,0.2112978,0.40693304,0.11427151,0.27789834,7.87
0.6980177,0.0035721734,0.2538723,0.16057469,0.40472108,0.3099562,0.024584506,0.17221898,0.1427041,0.06977171,0.20671345,0.2489169,7.88
0.083956175,0.09348345,0.17005014,0.026498022,0.1354876,0.15253437,0.18303981,0.2979461,0.054519072,0.16008347,0.06965101,0.1405866,7.89
0.16574709,0.38100457,0.058614563,0.05892201,0.14722033,0.0343485,0.09436934,0.15923578,0.22500801,0.09212651,0.27065048,0.16830198,7.9
0.045095354,0.00062676263,0.06979951,0.02258632,0.15796699,0.040384084,0.23613995,0.17670171,0.08210767,0.26319513,0.021084176,0.07343503,7.91
0.02102498,0.03489046,0.46824253,0.06064823,0.6005251,0.100804225,0.08378111,0.27743345,0.12060077,0.26442617,0.41599122,0.60174644,7.92
0.23359816,0.15311457,0.14849266,0.07569094,0.5391139,0.28349417,0.32728392,0.31447634,0.2997343,0.45633355,0.70232713,0.56573707,7.93
0.2244742,0.3654867,0.25556627,0.21628198,0.08489811,0.34665042,0.1809993,0.018696664,0.23871541,0.21282828,0.571013,0.56137276,7.94
0.2839835,0.55878294,0.41376942,0.032321576,0.3597911,0.4402716,0.13985099,0.10356719,0.09179353,0.035069507,0.59350675,0.49143934,7.95
0.02876815,0.32591107,0.20675896,0.15583763,0.06750247,0.27220973,0.09276763,0.19440062,0.09645698,0.0045114914,0.14846505,0.16724122,7.96
0.33187532,0.4130464,0.3837953,0.124312766,0.042567857,0.34023052,0.06370099,0.2549877,0.17414328,0.04178103,0.24675034,0.033797428,7.97
0.27453268,0.0812454,0.33443403,0.26899594,0.040483057,0.056394067,0.24570332,0.3214058,0.13483155,0.12095987,0.20752856,0.16872078,7.98
0.11543198,0.067098446,0.34042645,0.35112908,0.30336574,0.274582,0.505569,0.224614,0.12775053,0.15613918,0.1392644,0.1717424,7.99
0.25916812,0.016552353,0.05107097,0.055189155,0.45497105,0.09443744,0.5090085,0.35592252,0.025750214,0.37778237,0.3778111,0.075384356,8.0
0.25506026,0.20143911,0.3543114,0.027743949,0.38935262,0.030057576,0.34461698,0.18504201,0.08620624,0.40392947,0.3941334,0.0806668,8.01
0.06919559,0.18057908,0.105089545,0.052837994,0.20309694,0.26361,0.31769326,0.004000934,0.15613401,0.41884598,0.023171343,0.020711435,8.02
0.09169542,0.23054706,0.12111612,0.18799543,0.1360842,0.12451705,0.06991198,0.45696718,0.20774797,0.12776852,0.12416782,0.026479103,8.03
0.17783898,0.067474864,0.06257438,0.04316074,0.07641757,0.1312941,0.07974348,0.035220284,0.19529502,0.14199519,0.12005466,0.17010784,8.04
0.21077056,0.11374116,0.22931042,0.35789275,0.10384646,0.006844533,0.06969367,0.10248909,0.026867893,0.14878611,0.1448995,0.09753265,8.05
0.009161568,0.06362875,0.23144007,0.119558394,0.14043002,0.022377493,0.12556516,0.08994475,0.06971937,0.048613545,0.20799932,0.022244584,8.06
0.2593746,0.30904156,0.23731856,0.35670513,0.18473345,0.26566827,0.020769903,0.16460805,0.05975078,0.27025983,0.09698572,0.21187581,8.07
0.03186499,0.068615876,0.13784403,0.015104608,0.30120912,0.07264341,0.22525574,0.33148164,0.0958215,0.312493,0.11006736,0.16373283,8.08
0.2459245,0.02234815,0.20729536,0.25869116,0.17451523,0.0067086983,0.081784315,0.119216666,0.00794068,0.109956585,0.14694458,0.11664581,8.09
0.20736119,0.06391694,0.053503834,0.45840716,0.18111515,0.06864,0.27842313,0.25323987,0.17577906,0.22060852,0.042193092,0.062742576,8.1
0.54801345,0.4349478,0.023549223,0.78448844,0.07178976,0.041304696,0.1532754,0.05334321,0.15450011,0.61291796,0.14303918,0.100767106,8.11
0.010905508,0.023578763,0.0159312,0.30409208,0.07153594,0.015096492,0.28848705,0.05711439,0.11857392,0.13702747,0.3278172,0.048536953,8.12
0.042212877,0.07674838,0.25828162,0.090433486,0.30575883,0.0043891137,0.2662311,0.031137457,0.009243067,0.16440319,0.17616132,0.046669908,8.13
0.18612865,0.105526716,0.05736041,0.2652968,0.3059211,0.2273153,0.39250863,0.06057639,0.120111406,0.05155406,0.094751865,0.33563992,8.14
0.18153335,0.26459733,0.17827058,0.3638849,0.14187588,0.5479333,0.32649776,0.08895075,0.052718863,0.12806256,0.12614134,0.06358249,8.15
0.21050805,0.17730276,0.32319212,0.18874522,0.38855395,0.10940322,0.51636744,0.07562217,0.123069234,0.018286439,0.14450525,0.26802424,8.16
0.34606054,0.202992,0.11750576,0.25302944,0.99999875,0.3696085,0.18979473,0.27192768,0.09915337,0.090139054,0.17216167,0.27208182,8.17
0.53595424,0.103632756,0.08466336,0.016477868,0.8240878,0.29605314,0.04270137,0.4044651,0.29398498,0.26564723,0.17508607,0.17964216,8.18
0.8689565,0.38020295,0.3451613,0.21713148,0.49221346,0.0771356,0.41639632,0.72462195,0.4571676,0.24595025,0.16892228,0.034803975,8.19
0.68352973,0.5933366,0.62239677,0.2367317,0.16699934,0.5674862,0.28267026,0.46366322,0.5448407,0.012690692,0.056687504,0.12127304,8.2
0.24747159,0.13714162,0.6062108,0.25576267,0.31046808,0.09104014,0.08035361,0.42540947,0.366006,0.07145139,0.108192906,0.08525777,8.21
0.43568897,0.43845618,0.32913783,0.1471993,0.4032488,0.09586313,0.13811049,0.49534398,0.513962,0.5392199,0.2428127,0.057239655,8.22
0.0677977,0.18707873,0.50510216,0.0029304822,0.28728828,0.21873319,0.06661296,0.24540761,0.35658565,0.27561262,0.20010215,0.074367255,8.23
0.43153933,0.23378065,0.3339239,0.29166028,0.13709678,0.09472609,0.18334098,0.017268179,0.28205606,0.22754784,0.07003753,0.10788272,8.24
0.118034735,0.08395651,0.26008633,0.42219466,0.09062036,0.29729694,0.0718883,0.42982566,0.15629567,0.34640488,0.32926652,0.20638746,8.25
0.20327337,0.0016702577,0.29499075,0.16728848,0.1178878,0.1940461,0.24490368,0.17859699,0.20356724,0.6456271,0.2605368,0.005041126,8.26
0.46585548,0.09904744,0.31271794,0.3092387,0.032176785,0.104896136,0.3210467,0.08269634,0.04662144,0.5044067,0.21866845,0.88138586,8.27
0.1280922,0.023462031,0.4378485,0.64072526,0.3932066,0.28477284,0.58390206,0.13960823,0.06492965,0.45731583,0.21440254,0.78309596,8.28
0.06891951,0.16342494,0.0686179,0.19628353,0.057246406,0.19033106,0.3182209,0.18137336,0.14559653,0.71064806,0.3813307,0.34653598,8.29
0.043338392,0.16392182,0.23240069,0.24428767,0.5944656,0.12918091,0.02967788,0.1097606,0.015473103,0.44614094,0.5060676,0.0182831,8.3
0.08249092,0.04614325,0.059836794,0.1608846,0.26817128,0.24085966,0.24337925,0.03494746,0.35068294,0.5997202,0.45164773,0.35326934,8.31
0.3356606,0.30511725,0.14986022,0.19171284,0.09193187,0.45990703,0.19335942,0.08491939,0.35065424,0.060919434,0.18450938,0.20915522,8.32
0.10450777,0.24058355,0.036267515,0.21482685,0.07596249,0.35155553,0.14292948,0.10425372,0.004235407,0.27468634,0.34295252,0.41600898,8.33
0.17443453,0.14361948,0.5484843,0.30013907,0.29247123,0.17856072,0.009240577,0.061547432,0.021396995,0.060941976,0.1838268,0.30943024,8.34
0.124591194,0.21118711,0.4715429,0.10970261,0.26113623,0.18658853,0.2908612,0.55180717,0.097468354,0.30825013,0.3204339,0.116665825,8.35
0.46794468,0.0832679,0.22294465,0.11942904,0.1793941,0.11859116,0.23926252,0.2797011,0.07210497,0.014410094,0.33691365,0.2622021,8.36
0.09448151,0.04506373,0.26745576,0.003080332,0.043880735,0.20702375,0.23056875,0.08537191,0.23808122,0.34844804,0.14639133,0.009474878,8.37
0.15051562,0.017422998,0.06694973,0.24756564,0.25819927,0.00625008,0.45930874,0.10981074,0.1230158,0.29783005,0.070836015,0.39848438,8.38
0.22371885,0.07987798,0.4170211,0.13771446,0.39853418,0.1256488,0.55202514,0.01333253,0.2934423,0.37798426,0.053087477,0.0015953137,8.39
0.43985388,0.20673431,0.53257966,0.18557681,0.17435418,0.09155886,0.4885825,0.66597706,0.09164375,0.24366505,0.06515989,0.31458056,8.4
0.6595536,0.4430662,0.13605866,0.40602118,0.45380995,0.117433734,0.53077567,0.37936592,0.10316674,0.2867995,0.01777584,0.14047416,8.41
0.5739848,0.3878341,0.05582784,0.24747545,0.60786647,0.45245066,0.41977447,0.37820208,0.27096632,0.19940943,0.038361125,0.423573,8.42
0.4067434,0.08493351,0.3971707,0.07775265,0.36053967,0.27796978,0.3451178,0.19205262,0.30383417,0.11644729,0.15005669,0.29403448,8.43
0.34441775,0.071769565,0.15596756,0.20617694,0.28402224,0.18531488,0.055474192,0.2230933,0.052818142,0.33339247,0.21935695,0.26070565,8.44
0.2751487,0.15576257,0.23055848,0.076313555,0.35510993,0.034800973,0.06001085,0.2519374,0.04395819,0.30528477,0.16259076,0.11031866,8.45
0.27404258,0.22118932,0.030153627,0.13210616,0.13452849,0.16329063,0.06360438,0.22330204,0.23164138,0.17319311,0.33359224,0.06987949,8.46
0.45165244,0.19537817,0.026105357,0.08542375,0.53440493,0.07805171,0.034150273,0.37745485,0.3316953,0.13055775,0.04652127,0.19435968,8.47
0.1998947,0.122161396,0.03864858,0.23926556,0.2178172,0.2283979,0.015036294,0.24601607,0.068503216,0.054298308,0.21079567,0.024793955,8.48
0.11039204,0.10163186,0.17608197,0.16923738,0.057779122,0.056228075,0.26339716,0.030190071,0.074784726,0.2355122,0.0466763,0.12662497,8.49
0.23800911,0.24904928,0.14718969,0.09303046,0.46837345,0.3726277,0.12564513,0.04033575,0.11208106,0.20521256,0.2397514,0.2638513,8.5
0.38406783,0.55639976,0.6710533,0.05226136,0.09874255,0.6601958,0.2287283,0.41118893,0.033469286,0.17823796,0.08938763,0.2668561,8.51
0.61457545,0.35762295,0.7052114,0.18705013,0.25902432,0.5374334,0.011772023,0.25588462,0.024104746,0.024623146,0.2130678,0.52954865,8.52
0.4705675,0.25092423,0.57571745,0.20969416,0.24685857,0.1338104,0.018799549,0.44660288,0.051588353,0.15779887,0.06836191,0.1922646,8.53
0.50216216,0.14817742,0.12745894,0.33466226,0.38805965,0.05235039,0.09763596,0.2448081,0.30712366,0.013185365,0.1426351,0.0838193,8.54
0.20179315,0.0881348,0.08019533,0.24939995,0.1536438,0.011658466,0.24133176,0.15518622,0.28211588,0.055501644,0.029336305,0.055962954,8.55
0.48177272,0.09523109,0.12919888,0.15391658,0.1726918,0.103055924,0.012122994,0.17344141,0.046049077,0.21745118,0.32155848,0.46526602,8.56
0.027178377,0.09493028,0.036200095,0.10485821,0.45823875,0.24150273,0.2004311,0.3443659,0.1731828,0.2445457,0.26519978,0.3448532,8.57
0.2521905,0.13782614,0.017779395,0.09164476,0.24745391,0.19670638,0.21688442,0.06691782,0.17041238,0.4125545,0.41529185,0.5979414,8.58
0.124012664,0.42954987,0.20276721,0.18291195,0.45363608,0.35806623,0.010153669,0.03706783,0.20874244,0.27618253,0.7587513,0.48907313,8.59
0.1373709,0.219388,0.034073174,0.034531068,0.03410985,0.23087054,0.05336571,0.20923786,0.015504218,0.27663168,0.41273257,0.22304358,8.6
0.42427638,0.50304806,0.033118963,0.2931961,0.25957358,0.18587577,0.10247518,0.24142925,0.037881073,0.020223027,0.6829361,0.20093507,8.61
0.12152706,0.15550025,0.35560018,0.24916914,0.033243675,0.051917642,0.47373176,0.46318552,0.044385523,0.053339828,0.012195216,0.07240532,8.62
0.44062105,0.26945314,0.42486057,0.31423298,0.20634206,0.25009462,0.63050777,0.4593729,0.052939884,0.097232714,0.19477631,0.3200666,8.63
0.43078893,0.018404204,0.19743045,0.21136221,0.28356293,0.19449663,0.52311355,0.39767033,0.023178166,0.3469315,0.22060226,0.05029811,8.64
0.3640288,0.2289631,0.5100382,0.39210543,0.3903381,0.0674706,0.5296203,0.2857473,0.11458378,0.1356666,0.30170912,0.15960811,8.65
0.15248908,0.016552294,0.08091214,0.13094853,0.39990342,0.023265693,0.2783325,0.25247785,0.010399341,0.32777396,0.18285996,0.12597218,8.66
0.11823029,0.2281125,0.47038686,0.22640131,0.23871668,0.3031956,0.2760435,0.34533352,0.0028433732,0.24595481,0.12425853,0.33109614,8.67
0.13983014,0.2832374,0.22869594,0.1212289,0.19499989,0.18955809,0.26557183,0.24998325,0.2232844,0.49873096,0.054735973,0.21395756,8.68
0.006930056,0.25379825,0.394156,0.39206958,0.026622469,0.07609147,0.07610165,0.19202055,0.0076151653,0.07415274,0.066820815,0.34303343,8.69
0.05930185,0.02862446,0.24294399,0.23318836,0.13738298,0.30085975,0.02222436,0.08062344,0.2934432,0.10794555,0.16275585,0.03903307,8.7
0.45864436,0.07283934,0.0763634,0.60221696,0.25040737,0.023701662,0.12529373,0.046962135,0.283714,0.39013147,0.06077274,0.024823299,8.71
0.3705662,0.22352578,0.146215,0.14471811,0.19404209,0.021723635,0.10871903,0.12241838,0.13784163,0.036693994,0.03719109,0.018993387,8.72
0.07065947,0.07499524,0.37525234,0.2668665,0.5556545,0.15310225,0.07711744,0.17373891,0.07691383,0.30702195,0.09871264,0.2887497,8.73
0.32220715,0.10679999,0.18319544,0.009517315,0.41445586,0.19657412,0.11413192,0.2892825,0.23985513,0.116450526,0.058653172,0.021849604,8.74
0.5359865,0.0062600058,0.03412286,0.626477,0.19149451,0.1468627,0.0018512276,0.017541585,0.05904158,0.25297034,0.075458445,0.07645496,8.75
0.1237822,0.31435788,0.32154953,0.08717647,0.3876107,0.08735749,0.391662,0.23638687,0.0773795,0.30824903,0.14711924,0.053031147,8.76
0.13015889,0.06691399,0.023844266,0.1442161,0.15717037,0.23546648,0.53893214,0.30142945,0.12215155,0.17463236,0.42394266,0.012115906,8.77
0.093266994,0.041093625,0.023620829,0.3907867,0.11591196,0.12653665,0.5102527,0.2623618,0.0070399507,0.09409115,0.16808727,0.038500536,8.78
0.10021954,0.073002495,0.09932835,0.51743466,0.062473424,0.6557575,0.29104027,0.04419467,0.07402976,0.41474476,0.10772104,0.15654755,8.79
0.32195663,0.101619214,0.33953905,0.48874447,0.29525632,0.05908836,0.4452765,0.19838308,0.19912434,0.0014175385,0.11383223,0.21693504,8.8
0.3756389,0.14950515,0.04111549,0.28556713,0.82454497,0.5373121,0.24933141,0.1515994,0.16878799,0.103740096,0.17605957,0.23760316,8.81
0.51939505,0.05964456,0.07824469,0.09233869,0.8561137,0.5954952,0.41313067,0.055011075,0.22206853,0.25313583,0.32148102,0.27932766,8.82
0.7743637,0.31381273,0.14463225,0.037955746,0.40856102,0.21126504,0.14414917,0.78483784,0.44015673,0.2368424,0.18054852,0.011864119,8.83
0.56451964,0.46234626,0.53915644,0.124586776,0.1467855,0.4091081,0.1026769,0.59081286,0.55299115,0.13858677,0.4562832,0.020903872,8.84
0.49155608,0.23302895,0.22595742,0.052882466,0.6031537,0.18664387,0.0069042025,0.5249642,0.36397168,0.19111677,0.12423982,0.12719724,8.85
0.55657375,0.51589376,0.37724474,0.23865287,0.53649575,0.34737888,0.18224002,0.600006,0.5490939,0.49321043,0.036092922,0.008211052,8.86
0.44170934,0.3794681,0.74607843,0.20554817,0.5056314,0.104020104,0.13083261,0.47477418,0.32444802,0.08344779,0.34195197,0.07976408,8.87
0.8680856,0.6101142,0.69272894,0.023476608,0.1242154,0.14449981,0.12276183,0.20671967,0.3343267,0.020749083,0.025980683,0.19632706,8.88
0.15392873,0.009546323,0.44504902,0.299818,0.15303177,0.29153976,0.011515303,0.4188274,0.2820247,0.10056188,0.03623775,0.2658766,8.89
0.26863,0.051716812,0.28944173,0.2315355,0.20427342,0.32278934,0.26554555,0.21667653,0.21255228,0.22854875,0.16893634,0.11243663,8.9
0.32615104,0.010016696,0.19167683,0.36976343,0.09513838,0.21845816,0.20652814,0.11613564,0.047513995,0.34686854,0.20219058,0.5310856,8.91
0.29384482,0.16143188,0.27163678,0.5478738,0.4169762,0.1742087,0.51232743,0.0027276804,0.19631541,0.4151059,0.24054107,0.6003737,8.92
0.09755889,0.19055466,0.10685729,0.21836156,0.06618202,0.14077093,0.28537184,0.012109799,0.0208772,0.9713589,0.65409845,0.5032886,8.93
0.056428514,0.04765778,0.09868103,0.19275582,0.51841664,0.22510225,0.2019461,0.039171804,0.029233646,0.54285467,0.6360193,0.09713365,8.94
0.2882379,0.15637675,0.008070146,0.050455462,0.20101413,0.3251111,0.050668105,0.08385664,0.28696018,0.33706018,0.4450417,0.54734814,8.95
0.58777755,0.390574,0.034173187,0.11992227,0.13267517,0.49828842,0.09664809,0.13290797,0.46675023,0.25073647,0.2873526,0.5834416,8.96
0.06884175,0.15824176,0.0911238,0.5168289,0.31930545,0.27100474,0.07084871,0.24481195,0.16879109,0.42825535,0.42699116,0.47349504,8.97
0.070783414,0.2349844,0.6890262,0.2503202,0.083710395,0.22014467,0.13476698,0.008387445,0.041124623,0.19472052,0.11543516,0.1308344,8.98
0.16297364,0.3818614,0.4071018,0.18116784,0.24228756,0.08023063,0.34747097,0.5540464,0.16131257,0.2070722,0.30835804,0.07242399,8.99
0.6512914,0.14354439,0.07732607,0.03488304,0.17887565,0.17392214,0.4916786,0.29881123,0.06928035,0.07847597,0.18745305,0.30139938,9.0
0.046024576,0.3817897,0.10128553,0.06848501,0.07493563,0.38515204,0.08264509,0.02681215,0.329149,0.38843977,0.2900138,0.33382753,9.01
0.047480892,0.08141046,0.033149462,0.4763564,0.13553512,0.03126157,0.36094788,0.120509095,0.0066918377,0.15898652,0.2629742,0.39094505,9.02
0.19544548,0.10695346,0.6381865,0.20147575,0.35643023,0.12126415,0.5981909,0.23822996,0.29570773,0.4262642,0.12692748,0.04860656,9.03
0.39375582,0.16288035,0.44499776,0.20063089,0.00020273722,0.12936473,0.76460385,0.99999887,0.21704476,0.24060418,0.14375205,0.011555101,9.04
0.5069376,0.3239568,0.1838747,0.45041877,0.38168734,0.658965,0.53877723,0.57797813,0.26775077,0.116309695,0.3277517,0.0681223,9.05
0.47512698,0.40152636,0.36611995,0.07248092,0.52449226,0.008872292,0.25821024,0.56787217,0.40323943,0.012650337,0.101770006,0.35154387,9.06
0.61943436,0.1633924,0.4453541,0.1024296,0.5703073,0.026904084,0.29459438,0.17012638,0.42687032,0.13620311,0.0845688,0.2453018,9.07
0.58970904,0.2445618,0.017970942,0.07881339,0.48404053,0.56961673,0.27805233,0.1193756,0.036696058,0.40950796,0.06153995,0.4084845,9.08
0.46269947,0.23516208,0.602024,0.056064047,0.33454913,0.47409713,0.18280461,0.022850374,0.07131464,0.25703466,0.005429073,0.2951362,9.09
0.063436314,0.0011463535,0.0076682363,0.08207556,0.010825289,0.16315643,0.100444265,0.21963663,0.23437361,0.072550476,0.15011543,0.012049298,9.1
0.5288924,0.18289064,0.08706149,0.13134602,0.3429714,0.119781464,0.1525153,0.6214349,0.34083518,0.12630777,0.24197347,0.2408355,9.11
0.4948756,0.32398048,0.34586287,0.2116054,0.26566437,0.12034659,0.0011966601,0.41537112,0.09016905,0.3790619,0.01842825,0.03118819,9.12
0.15919271,0.32329684,0.3299791,0.017716799,0.12211763,0.18178174,0.04151799,0.17331834,0.18304914,0.02529856,0.17310445,0.3543189,9.13
0.05471101,0.18850243,0.14644396,0.07778614,0.074930824,0.25075024,0.10902299,0.07419597,0.18621334,0.23108245,0.2651336,0.19101346,9.14
0.10211854,0.48554838,0.57709956,0.2568677,0.02443292,0.7370008,0.44956347,0.5684361,0.16432308,0.05807663,0.04554989,0.103063665,9.15
0.96533895,0.381557,0.4764653,0.28171018,0.4598658,0.77080905,0.347245,0.6184852,0.12519243,0.29669052,0.21647398,0.40759802,9.16
0.6438808,0.5725792,0.6298532,0.08984209,0.29855427,0.071691796,0.1829599,0.40136895,0.017087236,0.23278,0.09671691,0.35759705,9.17
0.36680406,0.07666007,0.4071723,0.34901994,0.52068883,0.20149624,0.13710189,0.19205661,0.2813879,0.14368434,0.490393,0.26142526,9.18
0.075987294,0.18309517,0.2184575,0.20322393,0.062298197,0.00020036931,0.15598805,0.2912047,0.09942976,0.10614703,0.22711627,0.5584127,9.19
0.49948928,0.07547217,0.17243133,0.14425966,0.121876806,0.008522147,0.09441847,0.06726525,0.046616513,0.007833093,0.25432506,0.13260832,9.2
0.057465985,0.11288934,0.054945786,0.1810554,0.3480425,0.30678266,0.17914309,0.1722421,0.07060712,0.21199112,0.10204641,0.41947567,9.21
0.27714533,0.21342456,0.2636338,0.023679655,0.5758903,0.14744955,0.16129944,0.07410146,0.0012822807,0.05582866,0.34380606,0.98317856,9.22
0.2928084,0.40559113,0.31759572,0.013657521,0.7147823,0.30964032,0.17582944,0.14568892,0.36318916,0.38703418,0.8976162,0.64904857,9.23
0.30216196,0.37246248,0.13465975,0.16945742,0.1854345,0.20865765,0.274419,0.22302592,0.29190215,0.28230143,0.5223236,0.27565914,9.24
0.6154117,0.635658,0.032509375,0.0950516,0.34438062,0.008747929,0.34844473,0.18815598,0.087055154,0.047436688,0.54374486,0.16281295,9.25
0.009444872,0.30593798,0.39410505,0.06500484,0.13872884,0.18414566,0.30887777,0.3831704,0.06316336,0.016171066,0.11392671,0.15094233,9.26
0.08726989,0.35511488,0.4288861,0.13809505,0.03878001,0.35425818,0.044293873,0.3894746,0.062966235,0.017583454,0.140442,0.05238867,9.27
0.2574021,0.11817896,0.07767676,0.27137864,0.07915183,0.00565821,0.27842453,0.2535286,0.22196767,0.25150102,0.10494679,0.09665846,9.28
0.11203154,0.09201401,0.3516586,0.072342105,0.07066096,0.09699756,0.5558826,0.16416135,0.12715004,0.11356227,0.048153006,0.14522357,9.29
0.066687904,0.12785983,0.097267464,0.006687785,0.36445644,0.094576284,0.5782117,0.4340366,0.15283799,0.50441265,0.3475604,0.014121082,9.3
0.009169536,0.38071033,0.4601342,0.03942935,0.58934855,0.41664082,0.48610786,0.07079786,0.25351286,0.29978076,0.25929525,0.07987508,9.31
0.05693708,0.19083324,0.07204693,0.1248231,0.05513881,0.314187,0.2957135,0.0817877,0.1428346,0.6132688,0.037950378,0.08041653,9.32
0.19336525,0.26915172,0.25646245,0.27199227,0.05783574,0.28416336,0.059588797,0.36243725,0.07860426,0.030847114,0.286522,0.041995168,9.33
0.03390779,0.077354245,0.23728912,0.029160349,0.021566655,0.33645225,0.11676646,0.017328348,0.32474568,0.052702237,0.26817125,0.1842241,9.34
0.09012581,0.055228215,0.20844257,0.4699927,0.16633365,0.11743359,0.015134056,0.055179056,0.094861396,0.30887216,0.101907596,0.056163397,9.35
0.065735966,0.33867922,0.08256289,0.0005415839,0.2685942,0.45095152,0.15848279,0.1490427,0.021688092,0.16775638,0.051481288,0.0100888,9.36
0.23938917,0.04264968,0.19684863,0.1431571,0.09953269,0.20168239,0.13506696,0.23856278,0.015970424,0.03586267,0.090766765,0.20673834,9.37
0.03040998,0.28809714,0.22133894,0.1328586,0.31080654,0.2133002,0.12352214,0.27226868,0.08778383,0.30639088,0.037726328,0.19424868,9.38
0.14000636,0.18371108,0.05608807,0.3834936,0.361306,0.04816787,0.0008235811,0.16793357,0.05631799,0.12131619,0.09201573,0.2042149,9.39
0.1224469,0.14648223,0.38985005,0.39857352,0.2668281,0.18938258,0.24775922,0.2791073,0.10403779,0.029879,0.044866692,0.06287689,9.4
0.49484208,0.28956804,0.07511066,0.678355,0.12859249,0.29467532,0.08168589,0.0306283,0.007818852,0.35582587,0.47013223,0.13256021,9.41
0.0040840684,0.011719854,0.22572026,0.16246593,0.070058115,0.08965826,0.32262924,0.23480901,0.062859245,0.20291005,0.1970702,0.044356216,9.42
0.10123183,0.19917,0.057762727,0.20817186,0.16249435,0.40794492,0.22769682,0.10530374,0.12580569,0.39628536,0.003659668,0.033401884,9.43
0.16382891,0.14163025,0.28064227,0.5648658,0.21173808,0.08543645,0.35962564,0.032917935,0.23723193,0.0025456995,0.101589516,0.34751672,9.44
0.07025383,0.31272408,0.20017773,0.6853581,0.46441376,0.38543984,0.28270736,0.06404131,0.15130897,0.008787167,0.05811258,0.17729658,9.45
0.26128742,0.0010275497,0.010775538,0.16081408,0.6652991,0.25552008,0.38028204,0.0724973,0.03205325,0.13239157,0.47594267,0.3026265,9.46
0.25589523,0.07635721,0.060219254,0.0991969,0.6730826,0.23809141,0.14013277,0.5048302,0.17133638,0.12117099,0.07628477,0.108456545,9.47
0.48206037,0.19352452,0.2992752,0.16795863,0.34155995,0.11137343,0.0760278,0.49321684,0.25249687,0.14249459,0.45050657,0.052693937,9.48
0.5900453,0.40356103,0.120714076,0.048347533,0.41358107,0.31804305,0.0766344,0.29291123,0.30015498,0.093178995,0.073105596,0.051010787,9.49
0.35007888,0.51832396,0.42062888,0.03653444,0.34805566,0.25697395,0.17215505,0.48596463,0.6470418,0.34228623,0.010973722,0.11502583,9.5
0.28433788,0.38142738,0.35936463,0.057989776,0.64580363,0.2305934,0.15619504,0.57930994,0.38691467,0.080970086,0.29496354,0.23031516,9.51
0.8952648,0.87639415,0.52664423,0.31947932,0.30151016,0.215271,0.040004704,0.45991606,0.2660874,0.16508196,0.014634161,0.060853045,9.52
0.031267174,0.43389037,0.47011435,0.15883318,0.06429192,0.030596832,0.29891786,0.40851822,0.4014124,0.24122864,0.021769749,0.23658259,9.53
0.44571555,0.3607391,0.17984585,0.09890563,0.36128914,0.033495206,0.11607698,0.3749441,0.2605396,0.27781007,0.30450687,0.16099419,9.54
0.14993605,0.18607023,0.23123395,0.16235748,0.2386446,0.1952471,0.09196965,0.29794344,0.35842204,0.64975226,0.09578201,0.39398035,9.55
0.2461778,0.38238385,0.24818501,0.21788889,0.041482378,0.08769236,0.51141053,0.21672912,0.43324068,0.701394,0.007433341,0.3241312,9.56
0.029608471,0.13234723,0.103664055,0.40700385,0.036713764,0.24798374,0.463348,0.047208216,0.29064193,0.69123197,0.48558095,0.40381405,9.57
0.14741047,0.0763229,0.36171663,0.52971077,0.48016143,0.11961681,0.32707125,0.033566058,0.24897799,0.9999985,0.75658906,0.22257137,9.58
0.2694089,0.17307921,0.4112424,0.5155088,0.032807678,0.17767602,0.027262732,0.25391164,0.27829498,0.70595527,0.10925254,0.20205608,9.59
0.24201016,0.108050495,0.037539378,0.5744926,0.34517696,0.46712798,0.043412168,0.047882978,0.18582924,0.68111646,0.31999147,0.16437483,9.6
0.08400067,0.133271,0.08106803,0.2625983,0.10889002,0.17221572,0.11844999,0.28090543,0.15342486,0.52921647,0.51350415,0.4512672,9.61
0.27085915,0.19678098,0.25437048,0.083384864,0.21876825,0.10559973,0.13526188,0.27057245,0.2272393,0.034043126,0.1961159,0.055854164,9.62
0.0039561763,0.28855875,0.1201786,0.040381297,0.18125919,0.08097587,0.2158742,0.031974282,0.13220571,0.3906426,0.13776237,0.0041637956,9.63
0.38875398,0.06027769,0.06512787,0.5413232,0.03296774,0.21288955,0.34822315,0.0539367,0.022518845,0.016972879,0.17198637,0.48369774,9.64
0.14273483,0.16724837,0.07596932,0.05645018,0.108983964,0.4609379,0.02946895,0.055026736,0.09527243,0.41078323,0.22058111,0.69633764,9.65
0.23673879,0.119847536,0.36268717,0.2540796,0.37399155,0.12693903,0.010150493,0.06277815,0.117423326,0.16933194,0.11098032,0.4180353,9.66
0.33587697,0.12858872,0.26202923,0.03534719,0.08130709,0.09896723,0.067278504,0.23489486,0.056993406,0.34564227,0.023287574,0.106605984,9.67
0.17241827,0.005034387,0.016050778,0.0072189076,0.13162562,0.18770748,0.21610484,0.2192493,0.0034214973,0.1439653,0.10421365,0.16509707,9.68
0.18116638,0.03580307,0.29697752,0.121752605,0.15878227,0.07804052,0.41957995,0.36530837,0.2764597,0.21080713,0.05594311,0.29910544,9.69
0.07791172,0.18724369,0.16741817,0.09267396,0.1842827,0.37358773,0.38627315,0.3240027,0.052113146,0.27627966,0.08231165,0.2320431,9.7
0.24133956,0.12433002,0.24190226,0.0041296724,0.07849499,0.11356963,0.33405343,0.001611343,0.28096798,0.057274517,0.07026199,0.059293658,9.71
0.12019658,0.08977974,0.10438764,0.19925977,0.052897014,0.21999328,0.26264566,0.31231722,0.03031139,0.38723153,0.27705052,0.099748544,9.72
0.18047239,0.21870878,0.09208367,0.22768846,0.032544777,0.09399268,0.13000326,0.0161866,0.05536645,0.14681588,0.0051410175,0.0054339305,9.73
0.01602395,0.29267287,0.16266863,0.0795434,0.00638538,0.2296429,0.17968877,0.07636924,0.12296807,0.031139996,0.12144852,0.08687577,9.74
0.0827664,0.0009993159,0.11875942,0.15313259,0.099548995,0.15759894,0.06115261,0.043864734,0.011812733,0.037183847,0.07268718,0.18462327,9.75
0.08393123,0.054992,0.04577324,0.09441526,0.017443076,0.053068124,0.18918774,0.18086247,0.049570512,0.15144697,0.16345347,0.07505695,9.76
0.06608551,0.067682676,0.018104337,0.012031605,0.012122778,0.07629999,0.13599263,0.15550588,0.076377235,0.2915977,0.16713955,0.17705022,9.77
0.017546771,0.029831354,0.079988725,0.033073403,0.0013595561,0.2612506,0.114077166,0.07985351,0.002901551,0.010560162,0.1383285,0.039919686,9.78
0.12460906,0.015920429,0.054587554,0.03760027,0.07557288,0.028059043,0.110071644,0.16202614,0.019207995,0.10479735,0.0070109405,0.17040566,9.79
0.2542916,0.037793193,0.09046777,0.056370772,0.073108025,0.050691325,0.22086233,0.08117384,0.068105824,0.014109671,0.06454833,0.11586661,9.8
0.18357639,0.018851882,0.08632899,0.12593171,0.025456334,0.1593847,0.16756922,0.09716966,0.046556085,0.042598788,0.08675553,0.05819735,9.81
0.045240104,0.011487393,0.11295535,0.06789708,0.15347254,0.107152246,0.09157275,0.018522348,0.10321417,0.08751345,0.22346947,0.069611,9.82
0.026843958,0.13778494,0.14027922,0.16485566,0.15373978,0.06769151,0.034037706,0.030364582,0.0759606,0.17064711,0.09204322,0.025059089,9.83
0.08416062,0.16005683,0.10140659,0.0907963,0.10590631,0.053725295,0.15115368,0.03925439,0.07680674,0.02523235,0.013792215,0.037612766,9.84
0.15363002,0.07245074,0.05807671,0.014695242,0.079605125,0.02631588,0.18916596,0.046143934,0.044672724,0.08230237,0.16571653,0.06946772,9.85
0.03086586,0.17584597,0.045201227,0.06608798,0.22839221,0.06909977,0.2871611,0.06680818,0.017941903,0.13495497,0.00036756383,0.15452635,9.86
0.09106734,0.022448052,0.04833504,0.056404456,0.1657881,0.21171525,0.24501005,0.0822399,0.04142407,0.1644043,0.015009726,0.14311156,9.87
0.07313686,0.02309995,0.09230576,0.04722945,0.11161022,0.035346173,0.165693,0.10380111,0.07083708,0.051658686,0.07765544,0.050295196,9.88
0.24329208,0.16507646,0.23153168,0.0045884587,0.117784455,0.025747925,0.12977576,0.0470561,0.054729477,0.004578152,0.12989506,0.03142065,9.89
0.104068354,0.061251182,0.020767473,0.0043916735,0.07059511,0.024643036,0.009482189,0.014237257,0.050565712,0.11062623,0.06791275,0.05082093,9.9
0.15659223,0.06702273,0.006785832,0.078384586,0.037108894,0.16552053,0.06052736,0.19260913,0.03795595,0.16553688,0.068608485,0.11423319,9.91
0.020614725,0.039099153,0.024969423,0.09022159,0.06180166,0.113078125,0.015665103,0.091734685,0.056812353,0.026006566,0.083499394,0.17321551,9.92
0.0068156854,0.01769329,0.015369603,0.030585678,0.07722282,0.006869937,0.06856731,0.0039730407,0.033101417,0.022149289,0.087602936,0.26105502,9.93
0.096561,0.13285981,0.013144885,0.03485351,0.028131906,0.034970395,0.008834878,0.00787337,0.04502857,0.07146318,0.067290716,0.14441101,9.94
0.0068105618,0.04669073,0.06306401,0.024822718,0.14283834,0.0057244324,0.1418437,0.20194922,0.0010764546,0.13148656,0.13481195,0.10628195,9.95
0.23828542,0.022601705,0.060085602,0.04776387,0.15544182,0.1499577,0.21656016,0.1587596,0.020471467,0.11776081,0.011154524,0.033491433,9.96
0.0053716158,0.013097773,0.00080094975,0.07515661,0.033528797,0.04820986,0.04926775,0.03771859,0.024657315,0.012485633,0.15001173,0.026267758,9.97
0.040194266,0.087482385,0.07019061,0.045477405,0.067776404,0.052327346,0.017063849,0.085697316,0.08527303,0.10262871,0.061558977,0.07843991,9.98
0.0141492775,0.064669445,0.094515935,0.0037078746,0.035579383,0.052732076,0.06264478,0.018069152,0.06856262,0.017495967,0.010845713,0.04249568,9.99
